lat,lon,univ_research_count_5000m
-53.1362147,-70.8787439,5
-43.5232778,172.5823435,7
-42.906822,147.3218083,6
-41.2909873,174.7683059,10
-41.2887953,174.7772114,10
-41.2125751,174.9057626,2
-41.1334781,-71.3101474,5
-38.9394882,-68.0503365,7
-38.7480605,-72.6182905,11
-38.7176522,-62.2654871,11
-38.165166,144.3376679,5
-38.1438524,144.3610011,4
-38.0053216,-57.5708867,14
-37.9976168,-57.5482079,14
-37.9158025,145.1313859,3
-37.9136906,145.1317971,3
-37.8214954,145.0387532,3
-37.8142454,144.9631732,66
-37.8038271,144.9597056,65
-37.8002283,144.9566943,67
-37.7920062,-73.3905027,1
-37.7871148,144.9515533,64
-37.7858739,175.3167665,5
-37.7839745,144.9586743,62
-37.717222,145.0442807,5
-37.6804123,145.0634302,6
-37.6257449,143.8904716,1
-36.8660955,174.7737331,13
-36.8529871,174.76642,12
-36.8266386,-73.0374283,19
-36.8231422,-73.0125121,19
-36.7327011,174.7026709,2
-35.2975906,149.1012676,5
-35.2859435,149.1375906,7
-35.2812742,149.1172023,8
-35.0248752,138.5734181,2
-35.0012814,-71.2302888,8
-34.928776,138.5911348,8
-34.9199476,138.6065332,8
-34.9103419,-56.1526802,39
-34.8966381,-56.1402992,38
-34.888817,-56.1590151,40
-34.8861981,-56.1829191,38
-34.8661905,-56.1354035,19
-34.5825916,-58.4288672,76
-34.5771577,-58.5377237,18
-34.5086718,-58.688352,3
-34.4050554,150.8783465,5
-34.175,-58.9983,3
-34.1702433,-70.740718,8
-34.1207509,18.8808681,0
-34.0516667,150.9847222,0
-33.9618598,25.6186731,2
-33.9567558,18.4675777,17
-33.9326212,18.8650551,0
-33.9288301,18.4172197,19
-33.9175994,151.2312369,14
-33.9153709,18.6339742,7
-33.9064324,18.6270614,8
-33.9062434,151.2346568,15
-33.8889072,151.1894111,17
-33.8841309,151.2012852,17
-33.8832536,151.2003294,17
-33.8783381,151.219225,17
-33.8027875,150.9870903,5
-33.7768611,151.1684658,3
-33.774197,151.1127138,3
-33.7511954,150.6941711,1
-33.6842937,-65.4722828,8
-33.4668523,-70.6831228,110
-33.4514855,-70.6669849,143
-33.4489016,-70.6816237,124
-33.4488881,-70.6604874,147
-33.4460529,-70.6679426,142
-33.443867,-70.6506654,157
-33.4417748,-70.6403258,167
-33.4307864,149.5618286,1
-33.4042446,-70.5066013,8
-33.3994599,-70.600087,44
-33.1237585,-64.3489782,5
-33.0458456,-71.6196749,42
-33.0449391,-71.6067573,46
-33.0351828,-71.5952743,48
-32.9593609,-60.6617024,37
-32.9192953,151.7795348,2
-32.8950307,151.6978663,2
-32.0722729,-52.1667846,1
-32.0674157,115.8346086,1
-31.9746305,115.8175988,6
-31.967636,115.8152839,7
-31.9558967,115.8605784,5
-31.954122,115.8631823,4
-31.7812606,-52.3236949,11
-31.7699736,-52.3410161,12
-31.4166867,-64.1834193,17
-31.4152873,-64.18124,17
-30.7054363,-69.1988222,0
-30.0328501,-51.2179394,26
-30.0324999,-51.2303767,25
-29.9640311,-51.6247036,3
-29.9145439,-51.1802088,5
-29.8664426,30.9813099,11
-29.790166,-55.794862,3
-29.7134841,-53.7174139,4
-29.6860512,-53.8069214,8
-29.6650828,-51.1190168,1
-29.116395,26.215496,1
-28.3878734,-53.9201692,5
-28.2802499,-53.5168407,3
-28.1410583,-54.7564028,5
-27.6742718,152.9025759,1
-27.6034133,-48.5224425,13
-27.5466249,153.0642922,3
-27.497418,153.0131666,21
-27.4689623,153.0235009,21
-27.4572735,153.0362663,17
-27.00544,-51.1533733,2
-26.8990192,-49.0783311,13
-26.706891,27.836271,2
-26.6882966,27.0912407,3
-26.4897432,-49.0778063,7
-26.3044898,-48.8486726,9
-26.2295984,-52.6712474,3
-26.1853203,27.9971831,21
-26.1586155,27.9027089,1
-26.0915852,28.0020276,0
-25.7543354,28.2308578,15
-25.7459277,28.1879101,15
-25.5404911,28.0945182,1
-25.4470172,-54.5840534,9
-25.4433285,-49.3539189,4
-25.4295963,-49.2712724,31
-25.3422679,-57.5422671,43
-25.2848112,-57.6213959,48
-25.2830613,-57.5535487,10
-25.2665417,-57.4926928,10
-25.2303005,121.0187246,0
-25.0891685,-50.1601812,6
-24.7761086,134.755,0
-24.4842187,-51.8148872,0
-23.7263393,-46.5809273,8
-23.5652201,-46.712583,10
-23.561048,-46.7252264,12
-23.5602772,-46.7355996,13
-23.5575973,-46.7118744,12
-23.5506507,-46.6333824,68
-23.5471938,-46.6524631,66
-23.5302086,-46.63424,63
-23.5003451,-47.4582864,19
-23.475727,-46.8575864,5
-23.4751824,-46.8564354,5
-23.323631,-51.1573953,35
-23.2353371,-45.9166049,24
-23.2324983,-45.8519596,30
-23.2102123,-45.8764544,32
-23.1867782,-45.8854538,25
-23.1590428,-49.9739664,11
-23.0861425,-46.9756255,0
-22.9489749,-47.1494191,2
-22.9240309,-46.9722339,1
-22.9110137,-43.2093727,22
-22.9056391,-47.059564,11
-22.8721188,-43.232346,17
-22.8533498,-43.2331703,14
-22.8516682,-47.1271293,3
-22.822656,-47.0627959,12
-22.8125902,-47.0615235,12
-22.8032443,-47.0539244,12
-22.5972124,27.1220136,1
-22.5323633,-43.2076213,5
-22.4129731,-45.4489197,4
-22.3173803,-49.0689778,6
-22.2868125,-42.542038,4
-22.2828305,-41.9649091,0
-22.0702705,-48.4333875,0
-21.9992534,-47.9307914,0
-21.9687099,-46.7969216,8
-21.7769066,-43.3691606,10
-21.2425512,-44.9991978,8
-21.1335755,-44.2588086,23
-20.7866799,-51.7061247,3
-20.7844139,-47.097717,0
-20.767635,-42.8587855,5
-20.3200917,-40.3376682,12
-20.2342792,-41.5082981,1
-20.2140657,-70.1524646,5
-19.9703184,-44.206495,3
-19.9665506,-44.045715,4
-19.9391867,-43.9992587,7
-19.9227318,-43.9450948,28
-19.9190461,-43.9379691,24
-19.809444,-43.173334,5
-19.6009149,-46.940923,2
-19.5133182,29.8325151,2
-18.5264844,-44.1588654,0
-18.1702546,-47.9447082,4
-18.1505456,178.4437101,8
-18.1415884,178.4421662,8
-17.8856178,-51.7202967,7
-17.774834,15.7658336,3
-17.2222493,-64.8385854,0
-16.9206657,145.7721854,1
-16.680882,-49.2532691,43
-16.6769656,-49.2438643,40
-16.4127803,-71.524694,15
-16.3988667,-71.5369607,15
-15.0,-70.0,0
-13.6566059,-73.3790665,1
-13.6373482,-72.8788744,4
-12.9822499,-38.4812772,52
-12.6722649,-39.1053665,1
-12.5938633,-69.1866773,3
-12.2168944,-76.9491496,5
-12.0833798,-77.0683291,51
-12.070287,-77.0806501,41
-12.068098,-75.2100953,10
-12.0237167,-77.0484868,20
-11.9546373,-76.987467,5
-9.4329291,159.9890278,5
-9.4076249,-36.6323616,4
-8.8162775,115.1541201,26
-8.7947286,115.1739037,26
-8.7494525,-63.8735438,8
-8.5855447,116.0917893,90
-8.5390919,125.6822457,9
-8.5315972,140.4160531,1
-8.489863,117.4195965,1
-8.3515662,-34.9473961,0
-8.2724656,113.3703718,0
-8.0584933,-34.8848193,20
-8.0473494,-34.8926755,21
-7.9741012,112.655803,13
-7.9517994,112.6138388,26
-7.8336145,110.3825797,30
-7.7730335,110.3838155,90
-7.7701514,110.3859942,90
-7.7481283,-37.6346614,3
-7.6880648,110.41383,1
-7.5594794,110.8568535,15
-7.5565611,110.7710255,21
-7.4033788,109.2459047,24
-7.3333073,112.7828885,22
-7.2826954,112.7956782,29
-7.2764584,112.7942117,29
-7.2663606,112.7862198,30
-7.2602406,112.7889911,25
-7.2462836,112.7377674,9
-7.2246743,-35.8771292,11
-7.1219366,-36.7246845,0
-7.0515579,110.4395309,7
-7.0458782,110.3230349,3
-6.9738884,107.5511389,0
-6.9218457,107.6070833,66
-6.8904487,107.6103136,67
-6.814784,39.2800067,12
-6.5106721,-36.3492736,0
-6.3653557,106.8283599,12
-6.3461106,106.6914954,20
-6.3227016,106.7085737,11
-6.3158918,106.7942773,25
-6.2626481,106.8881181,18
-6.2553138,107.1450733,1
-6.2288079,106.8180845,38
-6.1970663,106.8520401,54
-6.1869847,106.6266615,14
-6.1831021,106.8354329,43
-6.1761924,106.6382161,11
-6.1754049,106.827168,37
-6.1726007,106.8785732,34
-5.8417047,-35.1968805,14
-5.8246998,-35.2068498,15
-5.2114251,-37.3140843,12
-5.1325657,119.4884552,41
-5.0874608,-42.8049571,30
-4.2250831,-38.7054353,2
-3.7932167,-38.5280359,12
-3.7477845,-38.4610596,9
-3.733447,-38.645106,1
-3.0147813,-60.0283101,2
-2.9190926,-79.0024466,31
-2.9014091,-78.9938682,34
-1.935394,30.1586347,4
-1.7069965,102.7140041,0
-1.6698388,-78.6535703,9
-1.6665685,29.225652,5
-1.6526781,-78.6422337,9
-1.2796562,36.816147,18
-1.2432353,-78.6305607,12
-1.150076,116.8624491,1
-0.9976251,-78.5835337,4
-0.9305236,-78.6157705,6
-0.7389425,34.7539855,0
-0.5639601,34.3187819,0
-0.3978998,36.9616384,3
-0.2201641,-78.5123274,39
-0.2102789,-78.488861,45
-0.0579607,109.3466533,13
-0.0226903,109.3447488,13
0.3346423,32.5661632,33
0.3578925,-78.1115525,8
0.5464993,34.0209142,1
0.5587458,123.0558368,6
1.2784981,103.8361062,14
1.2899175,103.8519072,14
1.2959845,103.7766186,14
1.2962018,103.7768977,14
1.3003557,103.7799727,19
1.3162091,103.8935611,4
1.3209424,103.8795942,7
1.3240168,103.6418398,1
1.3275858,103.8706298,7
1.3413227,103.9626397,2
1.3432281,103.6803245,1
1.3484104,103.6829332,1
1.3742717,103.8657307,0
1.4406983,103.8403956,0
1.4581986,103.7649059,5
1.5597561,110.345397,4
1.8585385,103.0852742,0
2.229154,102.2983751,3
2.2491829,102.2775665,3
2.3293744,102.2880962,2
2.3412444,111.8447989,2
2.723099,101.9400601,1
2.8029227,101.8001051,4
2.8327038,101.7027641,3
2.9240809,101.7812216,45
2.9467664,101.8751704,3
2.9826748,101.7905301,5
2.9908795,101.7829391,6
2.9918365,101.720677,8
2.9935685,101.7234157,8
2.9948437,101.7896595,38
3.0505833,101.6994837,6
3.0557071,101.7009925,6
3.0660191,101.7184242,6
3.0686895,101.4995983,1
3.0739429,101.5185278,4
3.0781381,101.5527118,5
3.0789392,101.7326363,7
3.1197181,101.5601083,8
3.1219054,101.6571566,20
3.1257602,101.6558796,21
3.1276441,101.7373364,6
3.1293411,101.6889175,29
3.1468634,101.6186865,9
3.1516964,101.6942371,19
3.2083304,101.304146,0
3.2530813,101.7356842,3
3.3537033,-76.5218673,6
3.4324768,-76.5277805,2
3.540057,103.4321821,3
3.5613218,98.6568033,55
3.5894617,98.6741623,61
3.8974239,11.5085674,33
4.1487253,9.2864747,18
4.2982839,103.4734967,0
4.3386146,101.139919,12
4.3474454,-74.377397,3
4.3827595,100.9701137,21
4.3940102,113.9880199,0
4.4404484,-75.2366432,7
4.5570781,101.1154345,2
4.6142765,-74.0632805,117
4.6287061,-74.0636499,127
4.6378368,9.4409446,0
4.6422895,-74.054163,123
4.7540263,-74.051508,15
4.7643972,103.4184463,0
4.7854606,-75.788322,2
4.7969856,6.9807492,0
4.8413432,31.5909037,5
4.8895453,114.9417574,2
4.8940715,6.9158749,3
4.9048627,114.93312,2
5.0296107,-75.4720406,13
5.0743694,-75.5081167,14
5.1486671,100.4954666,5
5.1700963,100.4785191,5
5.2975371,-2.0021859,1
5.320357,-4.016107,13
5.3296461,103.1383265,2
5.4065013,100.2559077,0
5.4124702,100.4125105,0
5.5,7.533333,0
5.5393405,95.3464739,10
5.5528455,95.3192908,8
5.5710358,5.8399303,1
5.6465979,-0.188004,13
5.7214921,100.4815981,2
5.910688,116.0919933,0
6.0354434,116.1227462,2
6.0371509,116.1201875,2
6.1318935,8.1435831,2
6.176989,1.2129952,22
6.227259,-75.5719699,40
6.2431452,-75.5554223,41
6.2477085,7.1167289,12
6.2642493,-75.599923,43
6.3344143,5.5998271,2
6.334997,-75.5582665,3
6.4076218,2.3399919,23
6.4422945,7.284743,0
6.4474305,100.2447219,2
6.4880723,3.8557195,1
6.5114693,3.3699982,4
6.6076575,5.9722713,0
6.6719097,-1.5672247,17
6.6985605,-1.6233086,2
6.7389461,44.2804067,0
6.7961127,79.901318,3
6.8200066,-5.2776034,2
6.8415384,80.0916472,2
6.8641025,7.4097397,1
7.0481029,38.47861,5
7.0529428,38.4995556,5
7.1409311,-73.1198652,11
7.2153933,124.2503707,4
7.2563571,80.5970538,20
7.293082,5.149673,3
7.3496824,5.1131915,1
7.3860026,-72.6495044,3
7.4170263,125.6239742,0
7.4184787,13.5433216,1
7.4477245,3.8967116,14
7.4625961,80.0222038,0
7.46993,5.73595,0
7.5204371,4.5233004,2
7.5484047,4.4978307,1
7.6232482,5.22274,0
7.6792877,36.8533248,3
7.8805359,5.3375344,0
7.9110519,-72.4997897,16
8.1212438,5.0773495,1
8.2415113,124.243977,1
8.2492332,77.3502525,1
8.4402406,76.9561334,2
8.4759307,4.6632267,2
8.4882267,76.947551,6
8.4960459,8.5147636,0
8.5410261,39.2705461,1
8.5414048,76.9058745,15
8.5441488,76.9043021,14
8.5454285,76.9078459,15
8.5495014,77.5805178,0
8.56667,34.76667,0
8.6772337,99.7309635,0
8.6871836,77.7258209,1
8.7331721,77.710255,0
8.7824973,77.6123532,1
8.8870533,76.5906696,0
8.9137199,76.6324404,0
8.9563958,125.5970272,2
8.9666172,38.708682,3
8.9807832,7.1753396,1
8.9897824,7.3870745,3
9.0238215,-79.5334607,11
9.0564814,76.5352232,0
9.4926289,77.8631831,0
9.5285956,76.8216631,0
9.5601364,77.6091287,0
9.5780844,76.6224038,3
9.6211038,41.8421949,2
9.6775387,76.5748234,2
9.6844884,80.0226927,9
9.8157323,-83.6943809,0
9.8816162,78.0834328,0
9.9356021,-84.0489628,34
9.9566984,8.8526785,13
9.9837257,76.2740001,6
10.0284344,76.3284714,10
10.0321492,105.7683051,12
10.0441676,76.3271813,9
10.0449079,76.3261437,9
10.0539422,76.6199244,4
10.0728444,78.7795194,6
10.093674,78.7967361,6
10.1787934,76.4313699,1
10.1910284,76.3874109,2
10.2690161,76.4009485,1
10.3045491,11.1744678,3
10.3528744,76.5120396,0
10.3825318,7.8533226,0
10.413076,-75.5380537,17
10.4227456,77.8846076,0
10.5060934,-66.9146008,13
10.6026203,79.7619348,0
10.6033083,14.3281625,2
10.6588234,77.00873,0
10.7242204,106.7311013,8
10.7320052,106.6984654,29
10.7631651,78.7132601,0
10.7633854,78.8150292,7
10.7733495,106.6596319,56
10.7737261,106.7166008,52
10.7753939,106.6996264,69
10.7873692,76.4742172,0
10.8071144,78.6880939,5
10.8184861,79.8408626,0
10.8217671,78.3828654,0
10.8265747,77.0601786,1
10.8358149,76.8785205,0
10.8482445,106.7869449,43
10.8689338,106.7965509,43
10.9156489,79.8069488,2
10.9174272,76.9882592,0
10.9637666,79.3862817,1
10.9814553,106.6672887,3
10.9901791,79.8444169,1
11.0018115,76.9628425,4
11.0191398,-74.8507959,12
11.0246833,77.0028425,2
11.0369574,76.8792694,3
11.0420716,76.8860315,3
11.0525335,106.6670739,1
11.0544141,78.0486074,0
11.0849061,76.997937,0
11.1826156,106.6738179,0
11.2241029,-74.1855966,5
11.2459092,75.7803858,2
11.2590474,75.7840552,2
11.2721791,77.6039999,3
11.3033889,78.118604,0
11.3323723,78.6098639,0
11.3565742,77.9466726,0
11.3846332,78.1492964,0
11.390716,79.7114928,1
11.511793,-72.8706443,3
11.5202071,79.3396356,0
11.5706096,104.8980041,29
11.5713118,37.3289438,1
11.6469616,78.2106958,0
11.6777737,78.1242606,0
11.718745,78.0784441,1
11.8337857,75.9702212,5
11.8395375,13.1536214,1
11.9224524,79.6267103,0
11.9854363,75.381483,2
12.0134296,79.849917,4
12.0160591,8.5065423,5
12.1842561,18.6842092,0
12.1931036,79.0835715,0
12.2484492,109.1843418,10
12.2792737,109.132332,0
12.3051828,76.6553609,4
12.3681873,-1.5270944,18
12.4573462,4.2006114,1
12.5092553,80.1572349,0
12.5576644,75.3907575,0
12.5630825,7.6207063,0
12.5634929,-16.2724609,3
12.7297587,77.7087603,1
12.7521895,80.1961009,0
12.8289678,77.5889693,0
12.8441237,77.6586503,7
12.8630334,79.7372589,1
12.8671138,80.2173685,6
12.8690356,80.2151565,6
12.8734977,80.2198655,6
12.8991541,77.5995033,7
12.9020523,77.631261,6
12.9025783,77.5051451,3
12.9079915,80.1394791,2
12.9117073,80.2277203,4
12.9256549,80.10437,2
12.9287596,77.6287122,6
12.929616,77.6227302,7
12.9337799,77.6051611,8
12.9343108,77.6925122,1
12.936938,77.6950878,1
12.941559,77.5659889,7
12.9437649,77.6931426,1
12.9439343,77.5091805,5
12.9521755,80.1860309,2
12.9528585,79.9877477,0
12.9697498,79.1606601,0
12.9760223,77.7220886,1
12.9767936,77.590082,5
12.9809157,77.7586036,1
12.984887,77.7622799,1
12.9867084,77.730153,1
12.9902344,76.1152288,3
12.9902433,74.8053518,11
12.9920764,80.2296915,7
12.9941561,80.2366826,8
13.0096172,80.2389021,7
13.0110764,74.7921986,11
13.011191,74.7960578,11
13.0136638,80.236502,7
13.0184274,77.5079729,0
13.0184908,77.5079984,0
13.0185282,77.5707232,4
13.018593,77.6535587,4
13.0211806,77.5747766,4
13.0219964,77.7665146,0
13.0222347,77.5671832,3
13.0230205,77.5658551,3
13.0575814,79.2670718,0
13.0592289,80.2336108,2
13.0683654,74.9947146,0
13.0836939,80.270186,3
13.1053707,77.5772403,2
13.1154027,77.6357699,4
13.1199635,80.1142468,1
13.1209646,100.9192182,1
13.1242216,77.6147187,3
13.1284405,77.5877371,2
13.1354037,80.0453129,2
13.1484906,80.1915722,1
13.1678337,77.5583666,2
13.1857117,101.1210777,0
13.2537619,80.0562572,1
13.325036,79.6480611,0
13.3285139,77.1265622,3
13.3289265,77.1207492,3
13.3400771,77.1006208,3
13.3467383,74.7943357,0
13.4842836,39.4554493,4
13.5362462,79.9911259,2
13.555824,78.5014943,0
13.5752242,44.0215268,5
13.6291848,79.4000915,1
13.6316368,79.4231711,1
13.6655162,100.4451962,0
13.6891784,101.0708268,1
13.7139428,100.5132013,28
13.7436686,100.5280504,44
13.7524938,100.4935089,37
13.7544563,121.0531305,5
13.7638056,100.52877,39
13.7640538,100.5677187,24
13.7683629,100.3539567,3
13.7705456,100.5126084,39
13.775426,100.5082666,34
13.7946521,100.3218583,5
13.8190011,100.0401044,3
13.8218432,100.5131602,8
13.8460848,100.5689693,14
13.8682408,100.4821603,2
13.8784212,100.5699587,13
14.0365457,100.5727765,3
14.048667,100.5640405,4
14.0793401,100.5885491,7
14.0803261,100.611434,6
14.2558835,75.8303421,0
14.557001,79.7234781,0
14.5904492,120.9803621,33
14.5905004,120.9780808,33
14.5975748,121.0390999,25
14.6429095,121.0393689,18
14.650376,121.0676426,11
14.6508152,77.6070136,1
14.6510546,121.0486254,15
14.693425,-17.447938,43
14.7433614,79.0610394,0
14.7665219,42.9559993,2
14.8812177,102.0121748,0
15.0570722,102.1885789,0
15.1272915,104.9194652,3
15.3696515,75.1227725,2
15.3707296,75.1332867,2
15.4124119,73.9782194,0
15.4232905,73.9789313,0
15.4243811,73.9791276,0
15.4285932,75.0150177,1
15.4736293,78.4806592,0
15.4862017,74.9385785,2
15.6172896,32.4782607,14
15.6445536,32.4777311,18
15.7750024,78.0571247,3
15.777064,80.329893,0
15.8309251,78.0425373,1
16.0493715,108.1592924,5
16.0547194,76.9003647,0
16.062815,108.2101633,10
16.0632055,-16.4238814,4
16.1587846,74.888862,0
16.2246056,80.5589246,1
16.253533,-61.5351443,5
16.2915189,80.4541588,6
16.3766763,80.5275261,2
16.4423575,80.6250001,3
16.4585419,107.5794853,16
16.4591873,102.8119933,34
16.4818104,81.5329358,0
16.4928035,80.4982427,3
16.5115306,80.6160469,1
16.6779671,74.2515616,2
16.6884963,33.432286,0
16.742714,100.1948931,1
16.8332103,81.5300068,1
16.8763118,96.1197917,18
16.9014852,76.2229508,0
16.9545281,81.2565686,0
16.9734448,42.546317,2
16.9804399,82.2426892,6
17.0892988,54.1472926,3
17.1422232,79.6159717,3
17.2545527,78.30704,0
17.2852127,74.1822147,0
17.32181,78.4113865,18
17.3353068,81.9080481,0
17.360589,78.4740613,32
17.36906,78.4717199,52
17.3806215,78.3830127,9
17.3907234,78.3223899,3
17.3987716,78.5621001,52
17.4092024,78.4677301,96
17.4113238,78.5274316,95
17.4257614,78.7128629,0
17.4375191,78.3854449,54
17.4530357,78.3270312,25
17.5062095,78.5051076,1
17.5204027,78.3665973,6
17.5626348,82.977489,1
17.5684696,78.4362807,1
17.5998832,78.4177016,0
17.6428704,44.5345446,39
17.6935526,83.2921297,6
17.7305037,83.3227516,9
17.7360626,83.3042916,9
17.8472979,-97.8775394,0
17.9217164,83.4266648,0
17.9375095,78.211745,0
17.9820644,79.5970954,0
17.9833537,79.5335163,5
18.0181309,-76.7438441,8
18.0531839,83.4007515,0
18.0792379,-15.9780071,15
18.0884354,42.713291,2
18.1619655,73.3208095,0
18.2138235,-67.142568,6
18.2164282,42.5043596,0
18.2257012,109.5234378,0
18.281833,83.8176417,1
18.4713775,73.8644697,4
18.513149,73.9336846,0
18.5133081,73.8267363,42
18.5160076,73.8295661,45
18.5203769,73.8380323,46
18.5213738,73.8545071,38
18.5231055,73.8149769,51
18.5306214,73.8568326,42
18.5560538,73.7640821,16
18.5618834,73.8101957,44
18.7358406,105.6906101,2
18.738569,78.0572174,0
18.7425866,73.6366603,0
18.7897587,-96.7310109,1
18.7966977,98.9526185,34
18.8009264,98.9521552,34
18.833333,-98.0,0
18.8812875,82.552768,1
18.9225812,72.8282047,5
18.9276624,72.8270393,7
18.9331321,-99.2599579,6
19.0,-90.5,0
19.0239129,72.8587665,9
19.029965,99.8935287,1
19.0336451,72.9263641,7
19.0337334,72.9255983,7
19.0437196,-98.1981486,53
19.0479067,83.8341852,1
19.0544632,-98.284968,9
19.054999,72.8692035,12
19.092952,74.7493451,1
19.1100909,72.837774,5
19.1319425,72.9165558,0
19.1326186,72.9149702,0
19.1793913,72.9729592,1
19.2000001,109.5999999,0
19.214327,-103.8083577,6
19.2855592,-99.1056005,14
19.2992205,84.8815861,1
19.3207722,-99.1514678,95
19.321597,-99.1849259,96
19.3309286,-99.1143437,17
19.345143,-99.1998346,103
19.3653598,73.3685437,0
19.4234517,-98.1487255,4
19.4326296,-99.1331785,29
19.4906351,74.2466821,0
19.5088255,-99.1312462,10
19.6434881,-99.1267656,7
19.6546004,-101.2623797,7
19.6625795,-102.3698977,0
19.6892955,-101.2066338,24
19.761532,105.782786,4
19.8505861,75.3232052,1
19.877263,75.3390241,2
20.0112475,73.7902364,0
20.013915,-102.7476398,2
20.0462328,110.1956502,0
20.0538582,77.9942367,0
20.0654909,-98.67625,3
20.117735,-101.1380477,1
20.1665373,85.7038488,3
20.1752434,85.7067439,3
20.2558788,85.8411761,4
20.2602964,85.8394521,4
20.2673447,85.7842467,3
20.3012769,85.8280706,3
20.3516715,85.8183142,4
20.3530675,85.8201467,4
20.4126551,41.7777425,0
20.4309237,76.1858349,0
20.5375581,-101.5457869,0
20.547234,-100.8293375,12
20.5650916,-104.0651417,0
20.574145,-100.3708594,9
20.5797386,-100.4108824,15
20.6065846,106.2843471,0
20.626048,-100.1875337,0
20.6308368,-103.3840881,50
20.6805875,-103.4425349,37
20.7211203,-103.3913671,54
20.734053,78.5953617,3
20.784361,-101.3582176,0
20.8667086,106.6685984,11
20.9695521,-89.6230118,13
20.9876996,-101.0,0
21.0069895,105.825101,95
21.0094276,105.5355596,8
21.0100695,75.5696003,7
21.027598,105.8026539,101
21.0283334,105.854041,64
21.0292159,105.8033629,99
21.0477865,105.8009131,83
21.0542531,105.735039,25
21.0912887,73.1044301,1
21.095225,78.978564,0
21.1260842,79.0497523,10
21.1329735,72.7186912,0
21.1405412,79.0853012,11
21.1498134,79.0820556,11
21.1545412,77.6442962,0
21.1625172,81.6595932,1
21.186824,81.7373219,0
21.2380912,81.6336993,4
21.2446287,81.3183069,2
21.2702801,40.4158308,0
21.324832,39.9448821,3
21.3387994,105.3849237,2
21.3607803,-77.893592,4
21.4294717,40.4766272,4
21.4891477,39.2477254,23
21.4934146,39.2485449,23
21.4976889,83.9034987,3
21.5,85.5,0
21.5504432,39.1742363,0
21.5789439,40.1245552,0
21.5928774,39.145374,1
21.6293206,72.9945103,0
21.6740808,109.3729721,0
21.8409911,-102.3526205,7
21.880487,-102.2967195,35
21.8812194,-102.2924759,36
21.9610968,105.8440789,0
21.9722726,96.1842126,4
21.9984021,-99.019665,10
22.1283648,113.5437784,9
22.1284604,113.5438378,9
22.1443382,-101.0155732,24
22.2034732,113.5560942,9
22.2069609,113.5519648,9
22.2459907,84.8172658,1
22.2501589,84.9066856,3
22.2527148,113.5297668,6
22.2540799,91.1714399,0
22.273734,113.5721327,5
22.2828768,114.1378586,5
22.2833454,39.1128145,0
22.2853296,113.8889328,0
22.2973142,73.1942567,3
22.2977976,73.1971024,3
22.3044867,114.1796935,5
22.3053263,70.8028377,5
22.333778,91.8344348,24
22.3358031,114.2659088,2
22.3400205,114.1697162,3
22.34309,87.3012875,1
22.3492155,114.1857978,3
22.3614288,91.8154141,28
22.3661833,113.5374055,2
22.3676011,70.7970918,2
22.3716605,114.1134699,1
22.3850051,71.745261,0
22.3853501,91.802038,26
22.4201838,114.2079145,3
22.4215206,-97.8848505,2
22.4275061,114.2023539,2
22.4282789,114.2097421,2
22.4300716,114.0724197,1
22.4703584,88.1770952,0
22.4717058,91.7769101,11
22.4739858,72.7361779,0
22.4812316,88.3165822,1
22.4847326,88.3447527,9
22.495154,91.7243681,2
22.4995309,88.3715953,10
22.5000001,-100.4949145,0
22.5171688,88.4187615,2
22.5197073,113.3872302,5
22.5269276,75.9262066,8
22.5359023,113.9314749,2
22.5375702,113.9390784,2
22.5388413,88.3286153,4
22.5445741,114.0545429,4
22.5685792,88.2942109,1
22.5726459,88.3638953,6
22.5729802,113.9230289,3
22.5753205,88.3600377,4
22.5816619,113.0761073,2
22.587892,113.9331002,3
22.5884118,120.3217412,3
22.594922,113.9874734,6
22.5953206,113.9720663,6
22.5977588,113.9859982,6
22.6015562,88.4187303,25
22.6020959,72.8204535,3
22.603603,113.9968497,5
22.6105576,75.6790283,0
22.6116182,120.300159,4
22.6142518,120.3722709,1
22.6203348,120.3120375,4
22.6280059,120.2662241,2
22.6286412,113.9297268,1
22.6331893,88.4301428,3
22.6430237,120.6100056,1
22.6477903,120.3102392,4
22.6486791,114.0606506,1
22.6524124,114.055743,1
22.6536475,75.8220579,18
22.6646986,75.7999245,16
22.6806157,110.1908397,4
22.6878129,114.2104425,4
22.6910685,114.207366,4
22.7191072,88.4826229,2
22.7203616,75.8681996,7
22.7270551,120.4063525,1
22.7317524,88.4990443,2
22.732078,120.2851662,5
22.7381718,88.4566792,3
22.74913,71.7027655,1
22.7546969,113.6164614,1
22.7547493,113.9410669,3
22.7584675,88.3961163,6
22.7618308,-103.5789397,0
22.773978,120.4025017,1
22.7758993,86.1478023,0
22.7782596,108.0977925,0
22.782952,58.5220314,2
22.7864877,120.4057742,1
22.786758,113.5163322,0
22.7895826,113.9474023,3
22.7966285,86.1844723,0
22.7993363,113.9484996,3
22.8014444,89.5342366,3
22.8015194,86.2029579,0
22.8157737,108.318024,10
22.8400629,88.6630678,0
22.8422383,88.6556742,0
22.8472107,108.2913482,19
22.859724,88.3679591,0
22.8819965,113.4576872,1
22.9387253,113.3785422,0
22.9556779,113.4220234,0
22.9755144,88.5297408,5
22.983551,120.2073511,3
22.9879358,88.4481439,3
22.990591,88.4480648,3
22.9912348,120.184982,3
22.9921256,120.1852496,3
22.9964948,87.6855882,0
22.99827,120.25339,3
22.9990116,120.2162155,3
23.0054188,113.2494952,3
23.0183568,113.7452332,2
23.0215374,72.5800568,9
23.0417332,113.3873582,4
23.0446534,-81.6022989,4
23.0447155,113.3631733,3
23.0452171,113.9798709,1
23.0513707,-82.4159767,26
23.066779,120.2980078,1
23.0763975,113.2220879,6
23.0783852,113.4235103,1
23.0798031,114.4686643,1
23.0927249,113.273233,13
23.093838,77.5114296,0
23.097913,72.6247601,1
23.0996034,113.2923509,16
23.1008043,113.2920463,16
23.1058672,72.5937454,0
23.1060631,113.2768839,17
23.1226343,83.1981886,0
23.1228205,113.3158933,30
23.1274271,113.2887278,23
23.1283839,72.544473,1
23.1288429,113.2589581,20
23.1357694,113.1982688,1
23.136542,113.3357146,24
23.1425996,113.0485761,6
23.142627,113.3394155,24
23.1430189,113.3386042,24
23.1433252,113.3989315,8
23.1478516,113.2328855,7
23.1526233,113.2522641,12
23.1563544,72.6652774,5
23.1575943,113.3337064,26
23.160342,113.3372426,26
23.1612069,113.3481027,23
23.1665256,89.2094419,1
23.1784108,113.3513314,21
23.1827663,108.2826259,4
23.185204,77.450875,3
23.188408,72.6279691,9
23.1899352,113.3296269,8
23.2035952,113.2860581,5
23.2127589,72.6847766,5
23.2132841,90.3481247,1
23.2335177,77.4325731,3
23.2584857,77.401989,2
23.2615383,77.4521821,0
23.278851,113.2119053,0
23.3088155,77.3615899,1
23.3341986,113.2210791,0
23.3524549,85.345645,5
23.3944452,113.489243,0
23.3970868,103.3622458,0
23.412574,85.4419824,2
23.4163248,116.6290685,2
23.4462522,113.4855144,0
23.4609839,91.1812216,0
23.46779,120.48394,3
23.5350475,87.3380425,2
23.5486963,87.2910571,1
23.553156,116.3680354,0
23.5629482,120.4751218,2
23.5748127,119.5830788,1
23.5979277,90.6195584,0
23.6024618,72.3810766,1
23.6123628,58.5938134,0
23.6352546,113.6748913,1
23.656593,116.6204223,3
23.6962805,120.5334886,2
23.7010171,120.4325781,2
23.7155238,86.9510664,0
23.7277631,92.7179947,1
23.7316827,90.3968231,71
23.7357935,92.6645375,1
23.7421479,90.3837408,74
23.7525743,90.3873861,71
23.7548752,90.3894232,70
23.7616428,90.3674589,65
23.7643863,90.3890144,72
23.7733146,90.424371,28
23.7784275,90.3800503,62
23.7933226,90.4037637,31
23.7952809,86.4309638,1
23.7963801,90.4173667,22
23.7989022,90.4495995,16
23.8119187,90.3571516,19
23.8143419,77.5340719,0
23.8148779,86.4425786,1
23.815387,90.4261059,16
23.8155062,90.42769,16
23.8220479,90.4274078,14
23.8305204,90.4444765,9
23.8312377,91.2823821,0
23.868919,121.5108113,0
23.8881479,106.6607247,1
23.9053605,106.6148824,2
23.933508,120.6663459,1
23.9478408,90.3793654,6
23.9513995,120.9298161,1
23.9966696,32.8602255,1
23.9997166,90.4184036,3
24.0068082,89.2448341,5
24.0462096,120.6860308,1
24.0687658,120.714492,2
24.0811381,120.558696,1
24.089019,38.0687076,2
24.1452469,120.7300972,2
24.1564155,120.6797558,13
24.163162,120.6478282,14
24.1745993,88.2721335,0
24.1800576,120.6483389,11
24.1971844,55.6805834,2
24.2248697,55.7452211,2
24.2394169,55.7408993,1
24.2738513,89.9375911,0
24.298679,56.7815794,1
24.3105845,109.3833252,0
24.3270325,54.5307517,0
24.3419881,56.7298385,0
24.3665244,54.5647253,2
24.3742327,88.6097252,19
24.3877607,88.599941,18
24.3949019,54.5836922,3
24.4399419,118.0930178,1
24.4479513,54.3955267,2
24.4538352,54.3774014,2
24.4769288,90.2934413,0
24.4801069,118.0853479,1
24.4835411,39.5591049,4
24.4955578,54.3642141,2
24.52289,118.089976,2
24.523789,54.4347607,5
24.5455495,120.8121027,2
24.5827448,118.0897804,7
24.6000742,118.0823677,8
24.6285432,89.0376862,0
24.638916,46.7160104,2
24.7167865,46.64404,2
24.7248229,46.6233911,2
24.7337639,118.6439351,1
24.7346126,46.6982246,6
24.7358854,91.6852476,0
24.7441619,56.4598209,0
24.7519538,121.7533344,3
24.755222,92.7874485,1
24.7826068,120.9956004,7
24.7846818,121.0020084,7
24.7867677,120.9972441,8
24.7916987,120.9924295,8
24.8066333,120.9686833,6
24.8198575,121.0272732,4
24.830125,67.2937025,1
24.8314984,93.9125767,3
24.8324,105.054,0
24.839682,121.0040779,6
24.8546842,67.0207055,46
24.8551003,102.8553417,9
24.8552171,102.8553624,9
24.8616782,120.9872213,3
24.8775853,121.268936,1
24.8928039,67.082938,42
24.9200204,91.8314022,3
24.9222796,89.349018,3
24.9255866,89.9436684,2
24.932737,67.1102796,38
24.9383675,118.5854142,2
24.9499254,121.2119742,3
24.9571129,121.2425529,3
24.9623612,121.2101462,3
24.9684403,121.1915503,3
24.9686131,121.2675487,4
24.9806489,121.6916392,1
24.992517,121.337767,2
24.9929995,121.3010003,3
24.9984837,121.287784,2
25.0168175,121.5384571,6
25.0266,121.52973,7
25.0278327,102.7221516,13
25.0283562,121.5168388,7
25.0313378,74.6365199,0
25.0325563,117.0188384,1
25.0338385,121.389774,5
25.0375198,121.5636796,6
25.0399353,102.7169061,15
25.0415038,121.4208717,7
25.0420743,121.614046,3
25.0430636,121.5346877,7
25.052153,121.467224,5
25.0526408,121.444634,5
25.0529979,121.6070593,2
25.0532646,121.4395522,5
25.0545779,121.6065999,2
25.0604744,121.3707965,4
25.0742823,55.1885387,20
25.0742823,55.1885624,20
25.081459,121.47805,4
25.08637,121.4795473,4
25.11356,121.53718,3
25.1314886,121.7494319,3
25.1452023,75.8625405,3
25.1672903,85.5502398,0
25.1737019,75.8574194,0
25.1743883,80.8691307,2
25.1901863,118.338717,0
25.2085739,55.2703292,0
25.2494829,86.9828131,1
25.2621544,82.9925896,52
25.2629644,82.9906527,52
25.2691848,55.6934811,0
25.2779894,110.2910622,15
25.2787184,74.6209409,0
25.2827818,110.2942408,15
25.2878292,55.478969,5
25.3108807,51.5081812,0
25.3180905,51.4364442,10
25.3456162,85.4539328,0
25.3610717,74.6393269,0
25.3719714,51.4879579,4
25.4127618,55.5063537,3
25.4133027,81.8488503,3
25.4147357,56.2313667,0
25.4175518,68.2670603,4
25.4297172,68.2817288,4
25.4381302,81.8338005,9
25.4924552,81.8638651,8
25.5424381,84.8516072,1
25.6074778,100.2651597,0
25.6093239,85.1235252,7
25.6105361,91.9480803,2
25.611817,91.8996623,2
25.6260712,88.6346228,0
25.6609103,-80.3252114,0
25.6802019,-100.315258,24
25.703866,115.348216,0
25.7172725,-80.2787069,0
25.7206458,-100.3466849,11
25.7479647,-100.305144,10
25.7553898,-80.3762833,3
25.7569808,89.241459,2
25.7733598,113.0094337,1
25.7741566,-80.1935973,3
25.7870108,88.8873619,0
25.7885332,-80.2140065,3
25.7888824,55.993868,2
25.7967065,82.4888992,0
25.840329,109.0400729,0
25.8902767,45.3562394,0
25.8958142,-97.4881916,6
25.9672332,119.6419367,0
26.04835,50.5149852,1
26.0614068,119.1933416,11
26.0735723,119.1822803,9
26.0774954,119.2918215,10
26.0908582,43.9864354,0
26.1223084,-80.1433786,3
26.131008,84.3910745,0
26.1328626,74.0775919,0
26.1534107,91.6657647,5
26.1924788,91.6946357,4
26.2037247,78.1573628,2
26.2302669,78.2071718,2
26.2378597,-80.1247667,1
26.2408267,32.9084243,0
26.2430103,85.6505849,0
26.2545887,105.9436995,1
26.2713865,73.0333348,2
26.2966528,50.1202146,0
26.3039999,50.1960237,0
26.3056577,50.1513016,0
26.3223696,89.4592445,0
26.3286075,86.3205766,0
26.331667,43.971667,0
26.346274,81.6252039,0
26.3976642,50.1829781,8
26.4045941,82.6065154,0
26.4063103,75.8600789,1
26.4367824,50.1039991,1
26.4495922,106.654026,4
26.4609135,80.3217588,1
26.4635198,80.246895,4
26.4636478,-81.7747246,3
26.4691,74.639,0
26.4912104,90.1215209,0
26.5001306,80.2860199,4
26.504444,102.6314476,0
26.513188,80.2364843,4
26.5479119,88.6991651,4
26.5878031,106.7086936,3
26.6059746,84.9334705,1
26.6229928,92.7976082,0
26.6262805,88.7334485,0
26.6276045,75.0288021,1
26.7164127,88.4309916,0
26.7314167,83.4373347,2
26.7329398,88.3861399,4
26.7463142,94.2486328,0
26.7600217,83.3668129,0
26.769431,80.9255902,3
26.7807986,82.1486589,0
26.7910651,80.6964564,0
26.7990707,82.2052321,0
26.8381,80.9346001,5
26.8427365,112.6544726,4
26.8429063,75.5654289,2
26.8835001,112.5111841,4
26.884814,112.6796025,3
26.888806,81.0589045,3
26.8971308,112.5666191,9
26.9154576,75.8189817,6
26.9164527,80.9414473,4
26.9290638,81.11036,1
26.9421406,81.3856087,0
26.9443424,110.9631102,0
26.9586164,81.0000896,0
27.0364864,14.4290398,11
27.0418324,93.4639568,0
27.049812,113.55087,0
27.0791748,93.6232415,0
27.1277793,93.7470404,10
27.1303344,80.859666,0
27.1826442,88.5022889,0
27.2279653,78.01349,1
27.265583,56.4400292,1
27.3051271,88.3644723,0
27.3316219,120.2081227,0
27.419618,-80.3598103,0
27.4846619,-109.9337782,15
27.4955539,77.6855554,0
27.5158689,-97.856109,0
27.637138,85.3334312,3
27.6662087,111.7487063,0
27.681864,112.626292,0
27.6889592,85.2899319,12
27.711048,106.9111602,3
27.7256127,68.8191099,2
27.7430194,112.0003852,2
27.7467205,111.967071,2
27.8000135,66.6166537,1
27.8212371,113.0858849,1
27.8235839,113.1036921,1
27.830618,113.1283685,3
27.8424851,113.0618235,1
27.8458993,102.124224,0
27.8761073,78.1358153,0
27.8832,112.8761621,4
27.8867266,112.8569843,3
27.9018033,112.9167971,1
27.9154542,78.0758855,2
27.9237043,120.6520972,7
27.9449854,-82.4583107,4
27.952938,108.584018,0
27.9918962,-82.5218088,1
27.9921616,76.3856561,1
27.9946969,-80.6366144,1
27.9963899,120.695345,4
28.0,116.0,0
28.0116361,104.6775128,0
28.0120905,120.6690854,4
28.0159286,73.3171367,0
28.042276,76.5132414,0
28.0510439,81.6162513,0
28.0599426,77.3223422,0
28.064271,-80.623004,2
28.0705674,113.0029417,2
28.0785034,-80.6077908,2
28.1077816,30.7452561,2
28.1118348,-15.4247743,6
28.121004,-15.4447095,4
28.1450774,113.2384362,0
28.1477054,-81.8487852,1
28.1578368,112.9322974,20
28.1676736,112.9904154,28
28.1794677,112.9403122,32
28.1795437,112.9403194,32
28.1797237,112.9413209,32
28.1909652,112.9450813,33
28.1963936,112.8594186,6
28.2001495,112.9717183,35
28.2290273,112.9949229,7
28.2918995,-81.4075838,1
28.3173612,76.9155534,4
28.330831,-80.7349162,0
28.3622661,75.6042342,2
28.3727499,77.31177,1
28.4031478,77.3105561,2
28.4225413,70.3034237,0
28.4226598,77.5257227,1
28.4270823,77.1572438,0
28.4328084,45.9627527,0
28.4582821,117.9381305,2
28.4622332,36.5016517,2
28.4670734,77.5137649,3
28.4704064,119.9184297,2
28.4734073,77.4829339,2
28.5242283,77.5225727,1
28.539116,77.2642672,4
28.5406742,-81.2810971,1
28.5421218,-81.379045,1
28.5495384,77.2675585,3
28.5584903,77.2811647,1
28.5673145,77.2101813,5
28.5706333,77.3272147,16
28.5786627,77.1648102,4
28.5788616,77.1624493,4
28.58689,104.718661,0
28.599591,-81.1971284,0
28.6138954,77.2090057,5
28.6223066,77.2394313,4
28.6295406,77.3725048,0
28.6337977,77.4458036,0
28.6472124,116.0348483,8
28.6581723,121.4163876,2
28.687547,115.8540042,10
28.6881517,77.2148081,23
28.7092586,78.8555288,0
28.7469821,115.864259,13
28.7749966,77.4586967,0
28.8138867,77.1325636,2
28.8359453,77.5776539,0
28.8435819,77.5671871,0
28.8796553,78.8095335,0
28.88011,105.424795,3
28.9010899,76.5801935,1
28.9580857,77.6346614,1
28.9963296,77.7061915,1
29.028405,79.4832094,2
29.0819499,31.1007624,2
29.094617,75.9648584,0
29.1080344,119.6486487,4
29.136745,119.6376144,3
29.1537747,75.7269172,2
29.1700635,48.1019208,3
29.2519577,115.8274838,1
29.2924528,120.2372669,1
29.3134832,47.8945335,2
29.3152073,76.314082,0
29.3242182,47.7882125,1
29.3326123,117.3107771,1
29.3384276,113.1416781,2
29.3664699,47.9642761,3
29.3872254,-94.992736,0
29.3913927,71.6711504,15
29.4246002,-98.4951405,5
29.4278841,-98.7988963,1
29.436889,-98.3826062,0
29.4441204,-98.6136109,2
29.4490826,55.6723771,5
29.4644185,60.8564513,20
29.4903148,106.5672875,6
29.5074538,-95.0949303,1
29.5087469,106.5785766,6
29.5319556,106.603428,5
29.5444572,103.7307771,1
29.5656729,106.5479189,2
29.5698046,106.5277494,3
29.5699522,106.4596103,7
29.571858,57.301047,0
29.5837398,52.5800434,12
29.6060218,52.5378041,26
29.6317233,52.519656,26
29.6411884,-82.3562296,3
29.6494974,52.5122319,23
29.6590999,94.3574028,1
29.7105439,-95.3958079,17
29.7167915,-95.4047811,16
29.717603,-82.9617625,0
29.7207902,-95.3440627,4
29.7589382,-95.3676974,5
29.8022654,121.5535051,4
29.8232372,106.4195884,4
29.8622194,121.6203873,2
29.8661656,77.8957348,3
29.8693496,77.8902124,3
29.8910885,-97.9376214,2
29.8944989,121.8168843,10
29.9091815,121.6334863,7
29.9139206,121.6077037,7
29.9392024,121.8373241,0
29.9457523,76.8160287,2
29.9582628,76.8156304,2
29.9838213,75.081768,0
29.9849351,40.2153172,1
29.9873344,122.2030363,2
30.0035478,31.1969415,8
30.0249752,31.2114435,13
30.026812,31.2059186,13
30.0270854,31.4917417,3
30.0277688,31.4756825,3
30.0283526,-90.0668428,5
30.0388947,-94.0758929,0
30.0443879,31.2357257,15
30.0451256,31.2648207,12
30.047992,-94.3357433,0
30.05518,107.8748712,0
30.0626867,31.2464846,13
30.0754657,31.2904114,7
30.0878062,119.8848449,3
30.0960955,-95.9870007,1
30.1086537,78.2916193,0
30.1187457,31.6106136,1
30.122587,70.7548433,0
30.145883,9.6959801,0
30.152753,31.4297416,2
30.1793836,-93.2122725,0
30.1916268,67.0007561,4
30.1942109,75.6798604,1
30.197838,71.4719683,53
30.2024971,115.0334144,1
30.2117256,-92.0195772,1
30.2181873,-97.7212354,1
30.2238064,78.7879045,4
30.2310563,120.0364832,7
30.2489634,120.2052342,3
30.2604657,-81.4447941,1
30.2623935,-97.7934026,2
30.2680182,77.9961185,2
30.2705258,-97.7507142,5
30.2711286,-97.7436995,5
30.2745483,109.4833079,1
30.2750178,77.0483955,1
30.2851494,-97.7339352,4
30.2852194,57.0648394,12
30.2867004,-81.5035683,1
30.2931534,120.1620458,23
30.295896,120.1617104,22
30.2984361,120.0787911,13
30.2984556,120.3734993,6
30.3013044,120.3646974,9
30.3033132,120.3741385,6
30.3125348,31.317601,0
30.3152293,120.3681968,9
30.3236223,120.3582137,9
30.3255646,78.0436813,1
30.3349511,-81.6668957,2
30.335758,120.32671,9
30.3400391,77.9512254,6
30.3528367,-9.4714185,7
30.3545336,76.3657969,2
30.3646523,-81.7040914,2
30.402184,55.9941776,2
30.4062005,-91.1854129,2
30.4171269,30.5387611,1
30.4201658,-84.318446,3
30.4278491,-84.3199268,3
30.4380832,-84.2809332,3
30.442216,-84.297453,3
30.4516434,47.7693033,5
30.4520257,114.9228365,2
30.4624974,31.184063,1
30.4640915,114.5429111,2
30.4739905,114.348398,16
30.4748457,48.2428548,0
30.4868868,114.3078559,15
30.4895543,114.3018696,15
30.4952371,47.8090981,12
30.502479,114.1609552,1
30.502636,114.4236474,12
30.5085915,-97.6788056,1
30.5092864,114.351996,24
30.5157119,76.6591946,0
30.5202172,114.4118463,10
30.521595,120.7195312,5
30.5253223,114.3938141,17
30.5373773,114.361535,16
30.5408093,114.3436805,22
30.5519827,104.0656563,2
30.5601863,103.9973029,4
30.5640058,114.3599758,15
30.5662162,103.9676167,4
30.578891,114.2921197,13
30.5886075,31.4819297,1
30.608988,114.3514267,8
30.610802,31.1097195,1
30.611252,104.0296956,20
30.6118915,104.1139202,19
30.6183939,-96.3455991,11
30.6221359,32.2750549,5
30.6335392,104.0815556,34
30.6457733,76.399458,2
30.649049,104.1785132,4
30.6550848,114.2168139,2
30.659867,104.063315,45
30.6671088,117.4859885,0
30.6706851,104.0365862,37
30.6743643,-96.3699632,0
30.6772501,104.1443603,8
30.6786075,104.0969227,20
30.6908804,76.7114879,2
30.6941332,111.2803512,7
30.6968576,104.0473356,30
30.6972412,-88.1892334,2
30.7072135,103.9626384,6
30.7094122,103.8596615,5
30.7314212,103.9713983,12
30.7334421,76.7797143,3
30.7436651,76.7822557,3
30.7444222,103.9271246,10
30.7534211,103.9294024,15
30.7534277,108.4477473,2
30.7602415,76.7664916,2
30.7684081,103.9252828,15
30.7788682,103.9142408,12
30.7797352,103.9527277,14
30.7902409,103.8842376,4
30.7931357,103.8920701,5
30.8002088,30.9922276,2
30.8210233,104.1839081,8
30.839722,35.6442349,1
30.8601103,75.8621284,0
30.8769821,121.9002178,6
30.8905293,121.8807084,6
30.8942995,120.0851114,3
30.9250222,104.3329848,4
30.9659501,76.4729772,1
30.9815531,41.0164788,0
30.9818013,104.2725546,4
31.0214877,46.2491376,5
31.0277779,61.4948211,9
31.0523119,121.3847528,5
31.052796,121.4320217,5
31.1040393,77.1707923,0
31.1118967,77.1397797,0
31.1137701,33.6913557,1
31.1147666,121.3769429,3
31.1450814,121.4195085,7
31.1631658,121.4121201,14
31.1682516,121.4182096,18
31.1794305,121.5902345,5
31.1800568,118.2141777,0
31.1847222,35.7047218,0
31.1890975,121.5919307,5
31.190876,121.4511542,18
31.1909408,121.5984896,5
31.1913517,121.5951914,5
31.1991806,29.8951716,17
31.2008911,121.4283949,21
31.206218,121.4105479,20
31.2091825,121.4958893,11
31.2104662,29.9131341,19
31.213944,121.4653415,14
31.2147383,121.4425012,18
31.219954,121.4121831,18
31.2279679,121.4021319,9
31.2284923,121.4021139,9
31.2312707,121.4700152,10
31.2323437,121.4691024,10
31.2496551,34.7887076,9
31.2515439,121.4511111,7
31.2517643,120.5723969,2
31.2534122,75.7034029,7
31.2536034,121.4801657,9
31.2619151,121.6489036,2
31.2638905,-98.5456116,0
31.2654734,29.9982302,3
31.2656888,120.7299679,22
31.2746401,121.4673338,11
31.2757194,120.7354789,22
31.2847393,121.4969491,15
31.2879976,120.6253589,8
31.2922312,75.5678878,0
31.2950161,121.5506739,9
31.3011748,121.4974703,15
31.3015809,121.5041773,15
31.3017196,120.6695934,6
31.3018036,121.4925561,15
31.3029149,121.622514,2
31.3031086,48.652823,14
31.3071016,120.6357059,8
31.3075202,121.5230816,14
31.3108477,121.5237745,13
31.311123,120.6212881,9
31.3159206,121.3880243,3
31.3323762,75.576889,0
31.3416889,118.4071013,3
31.345115,107.650683,0
31.3497382,75.5579681,0
31.3640068,121.2310361,3
31.3909706,74.2416385,7
31.4004904,74.2140974,10
31.4157889,73.0688768,5
31.4220558,73.0923253,6
31.4279815,120.6470754,1
31.4392555,74.2319337,14
31.4472954,74.268077,13
31.4486118,-102.5163544,0
31.4491267,31.6573282,1
31.453205,74.295777,13
31.4602714,104.7160723,5
31.4606344,31.4559443,5
31.4609671,31.4571883,5
31.4621298,104.714631,5
31.4746906,120.2710162,7
31.4760299,74.3427526,12
31.4851219,120.2673352,7
31.4886984,74.2926335,13
31.5115793,120.368589,1
31.54718,-97.12066,51
31.5491899,-97.1474628,50
31.5647691,-110.2742994,0
31.5656822,74.3141829,29
31.5716047,130.5440871,13
31.5731518,74.3083536,27
31.5736967,130.5447261,13
31.5749265,74.2995958,26
31.5776626,120.2952752,1
31.5799343,74.3546491,24
31.5841945,54.4445661,2
31.6138607,-2.2181225,4
31.6321881,-8.0108135,13
31.6356659,74.8787496,1
31.6379243,121.1840448,0
31.6866105,118.5048377,3
31.6873424,34.6364148,0
31.6907979,-106.4253215,5
31.7063321,76.9385693,3
31.7096767,76.5273594,0
31.7309524,72.9834213,0
31.7322892,117.2741684,3
31.7373503,118.4813236,0
31.7456283,117.217931,3
31.775159,35.2203118,9
31.7757794,-106.5078652,3
31.77697,35.8013525,8
31.7788472,35.2257856,9
31.7891885,35.9287065,2
31.8040653,117.2146527,4
31.8122623,119.9691539,1
31.8202618,70.8977175,3
31.827527,70.9090919,3
31.830437,54.3490356,25
31.8311441,117.2699347,12
31.8403891,117.2501941,12
31.8413821,117.2574533,12
31.8429907,117.2454026,12
31.8467475,117.2905389,12
31.8471875,117.2501336,12
31.8512134,117.2576393,13
31.8582987,117.1687294,3
31.8648767,117.2507188,12
31.8665676,117.281428,12
31.8802381,117.2493898,9
31.8891787,118.815607,2
31.8925947,-102.3382465,1
31.8973007,34.7005066,0
31.8993438,76.2200714,1
31.9078499,34.8133409,3
31.9131001,34.7901482,3
31.9295577,34.7990609,3
31.9444998,5.3217813,7
31.9515694,35.9239625,1
31.9827896,120.8904588,4
31.985805,118.703046,0
31.9964427,112.0420224,1
32.0010227,44.3299926,10
32.0193121,34.7804076,1
32.0316036,44.372516,11
32.031826,118.8521427,5
32.0344426,112.1395728,3
32.037419,118.8153537,14
32.0393817,35.9002773,6
32.0411709,120.7858571,0
32.0438284,118.7788631,26
32.0471842,34.8452013,1
32.0565957,118.7740883,26
32.0576478,118.7882819,29
32.0579611,20.0504373,12
32.0583768,36.1556707,1
32.0608056,118.7856056,27
32.0693292,34.8433434,1
32.0728373,72.6841928,3
32.0750555,118.7740619,24
32.0798021,34.7957187,8
32.0799892,23.9298054,7
32.0852997,34.7818064,7
32.0886888,34.8671956,1
32.103077,36.1858587,1
32.1072982,118.9046537,10
32.1091657,34.8111176,6
32.1123577,34.8050129,6
32.1152716,118.9259566,9
32.1160213,118.9102083,11
32.1167059,34.8057435,3
32.1238836,118.7083128,2
32.1629564,34.9308712,3
32.1773471,34.907459,2
32.1893957,119.4199854,3
32.2028216,119.5095502,3
32.2228765,-110.974847,43
32.2280665,35.2370416,3
32.2729032,-106.7434927,2
32.2939401,50.8398898,1
32.3180797,-90.8740164,6
32.332875,74.3598918,0
32.3357435,-6.3700151,1
32.3441707,119.3946419,9
32.344177,119.3946863,9
32.3528055,-90.8777342,1
32.3780257,48.4032064,9
32.4123349,44.1970249,1
32.4301095,-85.7067335,1
32.4490141,-81.7832912,1
32.460888,44.416703,9
32.493069,44.4357574,8
32.4934,35.9898545,1
32.5049195,45.834657,2
32.5372076,35.8554897,3
32.5550163,117.0164058,1
32.6045176,44.0894333,28
32.6220743,51.6610219,34
32.6297396,-115.4455558,39
32.6299692,-85.5122373,4
32.6329929,51.351868,3
32.6374485,74.1617456,1
32.6413009,-111.4015504,0
32.6450475,130.6341345,0
32.6532562,110.7332042,2
32.667721,51.3927934,1
32.6707877,51.6650002,10
32.7080148,-97.3611939,5
32.7174202,-117.162772,2
32.7186844,51.5341465,5
32.7355816,-97.1071186,2
32.753177,-97.3327459,7
32.7565573,-97.0693224,1
32.7761529,-117.0733037,3
32.7762719,-96.7968559,6
32.7768128,35.0225446,3
32.783176,-97.4473163,0
32.7861999,129.865345,19
32.7884363,-79.9399309,3
32.7896571,34.958716,1
32.7902452,-79.9576415,3
32.8022368,74.8913825,2
32.812043,-96.8417201,3
32.8164178,130.7270397,28
32.8181902,130.7424909,29
32.8289341,-83.6506702,3
32.8295183,-96.9442177,1
32.8332159,34.9857263,1
32.833696,130.6990269,26
32.8401623,-117.2740777,2
32.8418011,-96.7815281,2
32.8500628,13.2228707,30
32.8546197,-79.9748103,1
32.8573973,59.2289938,17
32.877243,-117.219901,13
32.8781475,117.5545447,0
32.8792438,-117.2311247,13
32.8888411,117.3353594,1
32.8942188,-117.2376215,13
32.896672,13.1777923,12
32.9176422,117.3825673,8
32.9581512,-117.1579863,0
32.9686883,-96.7183113,1
32.9785262,-96.7553288,1
33.0000001,119.9999999,0
33.0010496,112.5292693,0
33.0115818,114.0164565,0
33.0136764,-96.6925096,0
33.047013,130.464155,2
33.1154683,129.7874339,1
33.1545696,46.7576343,0
33.1580933,-117.3505966,0
33.1755055,131.6138519,7
33.1944091,35.5681667,0
33.2098922,-97.1514763,5
33.2109652,-87.5172922,3
33.2266726,-8.4877194,6
33.2588817,-86.8295337,0
33.2600247,130.2993968,5
33.2600689,44.4111206,8
33.2647342,-0.3110393,0
33.2716599,44.3610889,12
33.2726951,44.3795485,11
33.2742085,44.3569194,14
33.2751981,44.3755327,15
33.2791984,44.3786165,15
33.2841593,44.3093241,8
33.2958172,-111.6851119,4
33.3061701,44.3872213,20
33.3062031,-111.841185,1
33.3120645,44.4472312,6
33.3201787,44.3687872,25
33.3258475,-111.8635192,1
33.3286521,44.3859531,27
33.3321171,44.4522741,5
33.3357794,-111.8988351,0
33.3473701,44.38162,25
33.3492694,-111.8347745,1
33.349559,120.1577019,1
33.3611531,6.8606693,3
33.3835424,-111.8093886,2
33.3842942,-111.7263525,2
33.3946356,74.3458426,1
33.4108899,44.3590087,14
33.4213174,-111.9331631,12
33.4255117,-111.940016,12
33.4386876,-88.7943232,7
33.4393734,131.3539644,0
33.4484367,-112.074141,13
33.4838319,48.4066537,13
33.4870424,-102.6163092,0
33.4942189,-111.926018,1
33.5016153,-86.8060476,3
33.5108145,36.2837381,31
33.513431,126.5534683,3
33.5187985,73.1746921,3
33.5224991,71.4451033,1
33.532005,131.3496745,0
33.5345821,43.0260102,0
33.5419806,-7.6596215,21
33.5451265,73.1857788,3
33.5484434,130.3645137,5
33.5572577,-7.6306095,25
33.5629792,-101.887479,3
33.5707889,-7.7009285,7
33.5725985,130.3916912,11
33.5858334,48.2395222,0
33.5945144,-7.6200284,9
33.5984081,130.2266234,2
33.6208089,133.719376,0
33.625017,-101.8757354,3
33.6251241,130.6180016,0
33.6306299,114.6423617,0
33.6382298,-117.8500224,5
33.6428088,130.4227695,3
33.6438698,-117.84119,5
33.6448188,72.9917783,14
33.6578789,-111.9547698,1
33.6613261,-117.7974275,5
33.6636125,73.0266361,23
33.6641293,73.0453663,19
33.6707768,130.4444986,3
33.6746378,-117.779133,1
33.676091,-117.6512966,0
33.6819731,44.5980353,2
33.6842062,73.0555742,21
33.684319,1.0182453,0
33.6856969,-117.825981,6
33.6883572,-117.8063848,3
33.6938118,73.0651511,24
33.6963746,130.4406732,3
33.7050516,35.570459,2
33.713944,73.025864,13
33.7257439,72.8202488,6
33.7324996,48.8841277,0
33.7406563,-118.0276522,0
33.7419956,113.3002154,3
33.7485071,-117.8463593,1
33.7544657,-84.3898151,13
33.755038,44.638508,12
33.7650089,72.8213848,6
33.7760948,-84.3988077,12
33.7852169,-84.3953068,13
33.7936353,-84.3221796,7
33.796661,2.8466973,7
33.8055642,130.5406875,1
33.8201038,-118.1610683,1
33.8349983,35.5363297,10
33.8371392,-118.3413606,0
33.846132,-118.3184715,0
33.8490794,115.7730968,0
33.8509164,-118.3507849,0
33.857094,-5.5719172,11
33.8729566,35.4970892,23
33.8829996,130.8749015,7
33.8872777,-118.4104324,0
33.8878082,10.10044,12
33.8892265,35.5025585,24
33.8898375,75.0440791,1
33.8898728,130.708562,34
33.892554,130.8401044,6
33.8928356,35.4774984,21
33.8965302,35.5030333,23
33.9000264,35.4823838,20
33.9168167,-118.3973792,0
33.9169007,-118.3903892,0
33.917028,-118.4156337,0
33.9204332,-6.3676093,0
33.9220102,134.6596974,0
33.9228137,-118.3802283,0
33.936588,-116.9222966,0
33.9380754,-84.5197565,4
33.9404278,-83.3730682,6
33.9518498,131.2472243,4
33.9558528,35.6151627,4
33.9566112,131.1873056,1
33.9642576,-117.3398097,1
33.9644701,118.2696994,1
33.9739649,71.4427071,11
33.9744608,72.9238385,0
33.9928841,-81.0268676,3
33.9944889,72.9331737,0
33.998944,-6.8531853,40
34.0012956,71.4852363,19
34.0076109,51.3610911,8
34.0123846,71.5787458,2
34.0155606,71.981283,0
34.0194704,-118.491227,2
34.0218454,-6.8408929,32
34.021869,-118.2858579,8
34.0247563,71.535446,13
34.0288805,-4.9987034,13
34.0316239,71.5880804,1
34.043533,-118.6959398,1
34.044531,-5.0660434,3
34.0459197,-4.9948051,4
34.0504554,-117.2640583,1
34.0536909,-118.242766,13
34.0553813,-117.7517496,5
34.0556686,-117.8239282,11
34.0585941,-118.4179137,7
34.060996,131.7568462,0
34.0657391,-118.445187,8
34.06809,134.1647446,0
34.0708777,-118.4468503,8
34.0744351,72.6459234,1
34.0749851,49.7071834,12
34.0816073,-81.1045084,1
34.0825513,-118.3637511,1
34.0862719,49.6893884,13
34.0976912,-118.2900801,2
34.0990229,49.7119539,13
34.0993621,-118.1579812,4
34.1103852,-117.7175884,9
34.1186214,-118.149625,3
34.1236954,35.6493557,2
34.1244218,74.841641,6
34.1251589,108.8289653,5
34.1262144,72.4743164,0
34.1279634,-117.9730617,1
34.133915,74.8367448,6
34.1370138,-118.1252883,1
34.1394513,-117.9772873,1
34.14545,108.8699205,14
34.147778,113.714722,0
34.1508648,134.5931441,0
34.1552786,108.8866313,15
34.1555232,108.8981463,16
34.1705609,-118.8375937,0
34.1781317,131.4737077,6
34.183671,-118.91183,1
34.1905959,-118.9198562,1
34.190682,72.036798,1
34.1974731,117.1733217,6
34.1977911,73.2452073,3
34.1994178,-118.6401937,1
34.2146056,117.1380776,3
34.2349959,108.9590442,41
34.2365057,108.8757509,15
34.2469224,108.9106235,25
34.2476753,108.9789725,30
34.252615,108.991609,24
34.255083,108.9885686,25
34.261004,108.9423363,30
34.2617412,108.0641068,4
34.2625402,48.8509482,10
34.26457,-6.570169,5
34.2665258,117.1810431,3
34.2735588,108.0807537,4
34.3050125,117.3081755,1
34.3250182,134.1720191,4
34.3251311,47.0964266,18
34.3416186,134.03676,3
34.3587493,108.9334148,3
34.3609713,107.2322378,1
34.3685181,58.688271,6
34.37101,132.343313,4
34.3738624,73.4698844,1
34.3789744,46.7010122,0
34.3823758,108.9717629,3
34.4016381,132.7207209,10
34.4139318,135.3031836,3
34.4146025,-119.84581,1
34.4202073,73.2514783,1
34.4221319,-119.702667,3
34.4228647,111.0489969,0
34.424294,35.8295597,11
34.4358295,-119.8276389,1
34.4373616,35.8348551,9
34.4569736,133.2308799,1
34.4812985,136.8434721,0
34.500477,47.9878156,2
34.5111993,135.631448,3
34.5169112,109.4643291,1
34.5356621,69.1199368,18
34.5412252,108.9237067,0
34.5919553,135.5061013,11
34.5977243,133.4638119,0
34.6134727,-120.193669,0
34.6149513,-79.6796157,0
34.6196539,112.4477046,6
34.6492808,-86.6714816,1
34.6517298,135.5913154,8
34.6518605,-1.8986708,5
34.6558024,3.2865702,4
34.6593427,135.2145467,10
34.663757,135.0291256,6
34.6656393,135.4324527,1
34.6728162,133.7466763,1
34.674666,-83.0165143,0
34.6767219,43.6456453,2
34.6776849,135.8442878,9
34.6852901,33.0332657,23
34.6881924,135.8278824,10
34.6889496,133.9220359,15
34.6925263,-82.1987922,0
34.6927402,50.0146963,3
34.6932379,135.1943764,14
34.6937569,135.5014539,14
34.7063833,50.8684469,5
34.7078204,135.6419202,10
34.7104832,36.7065524,13
34.7219894,-92.3382714,2
34.7249634,135.4355688,2
34.724986,137.7175515,6
34.729847,-86.5859011,1
34.7306052,-86.6545409,7
34.7318113,135.7335875,14
34.7341973,136.5153283,2
34.7348866,-82.2837408,0
34.7362124,101.6145551,0
34.7371445,135.8201679,6
34.7373045,-82.255371,0
34.7377745,135.3413128,22
34.739496,135.5869107,6
34.7472531,113.619321,6
34.7506641,113.6092172,5
34.7509899,113.5084981,2
34.7534257,113.6398742,11
34.7558877,137.8070373,0
34.7594193,135.516835,14
34.769123,137.391461,6
34.7811578,135.4699059,10
34.7903335,126.3847547,2
34.795353,48.4838243,10
34.796659,135.623591,8
34.7982907,113.648757,9
34.8000985,113.6820152,10
34.8040284,135.4506376,9
34.8055881,113.8017739,14
34.8096024,135.5613416,18
34.8124695,114.3639324,1
34.8143918,135.7677347,6
34.8144363,135.6507278,8
34.8159232,135.4350812,9
34.8161302,135.5685528,17
34.8191807,135.5245301,16
34.8214567,113.5297412,8
34.8217095,135.4284236,9
34.8285092,114.3135977,1
34.8367247,48.5619786,4
34.837175,127.8986604,0
34.8450582,5.7473592,2
34.8508816,5.729074,2
34.8578232,134.5453129,0
34.8588609,0.152995,5
34.8643948,113.6418256,1
34.88952,1.4754064,0
34.8899451,135.2252469,1
34.914934,134.860666,0
34.9230798,-82.2605935,1
34.9247486,135.7986143,7
34.9295623,134.4459789,2
34.947764,137.075563,0
34.9505457,127.4872992,9
34.954845,137.173023,2
34.9548784,137.1728226,2
34.9627975,126.5175783,1
34.9726302,48.6563818,0
34.9850637,135.693201,10
34.9854275,-80.5495112,0
34.9989957,-101.9205484,1
35.0042671,134.3560128,0
35.0082144,33.6964585,1
35.0099245,135.7184382,41
35.0115754,135.7681441,66
35.0137519,135.955226,2
35.0158859,126.7108313,1
35.0177852,135.8548122,6
35.0179088,135.96046,2
35.0229299,135.777149,59
35.0243842,137.0726427,1
35.0252635,135.7623445,66
35.0270467,135.7814382,51
35.027637,111.002141,0
35.0279793,138.9292082,0
35.0304815,135.760637,69
35.0312036,134.3700223,0
35.0505938,136.8436933,0
35.0547364,-106.5407877,4
35.0761704,129.0891449,6
35.079682,-106.5263425,3
35.0834524,137.156737,2
35.0841034,-106.650985,6
35.087244,136.8943972,1
35.0886942,136.5265829,0
35.0945453,112.5810521,0
35.0950882,136.9311917,5
35.0957963,138.8633946,0
35.0983121,137.0110693,3
35.1076927,-106.568325,4
35.1189387,-89.9372196,4
35.1192777,118.2810806,1
35.1219955,129.1017248,6
35.122591,136.9749449,27
35.1250993,69.3229727,1
35.1299648,136.9103645,16
35.1300205,4.2003107,0
35.1313568,136.9349364,31
35.1319241,137.0393314,10
35.1342725,129.1052466,7
35.137117,136.9681396,37
35.1375,113.143889,0
35.1406608,129.0980524,8
35.1412134,126.9303491,7
35.1418766,136.963772,44
35.1423875,129.035205,21
35.1439124,33.413932,16
35.1533087,136.9677806,44
35.1536981,-90.0434478,2
35.155469,128.0962563,11
35.1558147,126.8306362,0
35.1594647,126.8515034,2
35.164465,33.3625215,35
35.1660481,33.3149405,19
35.1664588,136.9463779,46
35.170952,136.8829402,16
35.1720599,46.0229048,1
35.1738739,138.9068006,1
35.174116,128.093839,11
35.1746503,33.3638783,30
35.1769099,126.9068927,9
35.1795032,33.3802649,27
35.1799528,129.0752365,6
35.1803459,128.1079953,11
35.1830867,-111.654961,2
35.1838064,137.0487181,13
35.1851045,136.8998438,20
35.1899147,113.2598711,1
35.191379,136.793513,0
35.1959878,-97.4457083,4
35.2028721,-0.6399128,17
35.2048883,-92.4479108,0
35.2238601,137.0840005,7
35.2272086,-80.8430827,8
35.227956,128.6818586,8
35.2281557,126.8421662,6
35.2477266,115.4464761,5
35.250061,128.9020135,5
35.2719497,139.5860744,1
35.2722146,136.2633131,8
35.2742655,137.0132784,5
35.2744397,46.994599,14
35.2916103,113.9353696,2
35.2934979,-118.9979315,0
35.3021133,113.9202062,2
35.3027387,47.0024848,19
35.3069101,-106.424655,0
35.3072756,25.0824082,4
35.3100146,-83.1990402,0
35.3163667,136.8918194,0
35.3196274,25.1023374,5
35.3247828,137.166407,3
35.3252445,129.0289851,2
35.3283255,51.6460307,4
35.329479,139.405371,2
35.3341322,33.34046,8
35.3350609,139.3494345,0
35.3376286,25.1329043,3
35.33908,25.1332843,3
35.3394168,139.3650126,0
35.344508,136.866742,0
35.3499417,139.2605775,0
35.3501426,1.3206018,6
35.3540209,-120.375716,0
35.3802138,139.1936185,0
35.394081,0.1379568,3
35.4035956,8.1212322,3
35.4125047,116.5849266,3
35.4178833,119.5213994,3
35.4192561,139.5608217,3
35.4230949,136.7627526,3
35.4264467,8.0554783,4
35.4342935,139.374753,4
35.435,44.37979,4
35.4429646,139.3625125,6
35.4487268,2.9073269,0
35.4503381,139.6343802,10
35.468115,133.048768,2
35.4700819,139.5442572,4
35.4708339,139.5447158,5
35.4715173,139.6275394,11
35.4715374,139.6275073,11
35.4719308,44.3953896,3
35.4737978,139.5900454,5
35.4777216,-82.5755477,1
35.4842868,-97.498633,15
35.5209657,35.8065133,43
35.5221718,129.4455523,1
35.5264794,139.6474132,16
35.5292713,24.0678296,6
35.5306639,139.7037668,14
35.5328838,-82.8373558,0
35.5391697,129.3119136,9
35.5415051,139.6408943,16
35.5442371,129.2567134,2
35.5446859,139.586675,2
35.546737,136.5243626,0
35.5505183,51.3492025,3
35.5514608,139.6718368,16
35.5544613,6.176799,8
35.5570501,45.4425963,8
35.5697958,-5.3746918,7
35.5715721,139.3730889,20
35.5735512,129.1899352,1
35.583355,139.6400639,35
35.5914478,139.5126674,27
35.599536,139.6079812,12
35.5996441,138.5175051,1
35.599701,1.8241988,1
35.6013411,-97.5187402,1
35.6037645,53.4344057,13
35.6057568,1.8079253,1
35.6089897,45.444529,1
35.6128511,139.5488344,11
35.6200371,139.3828668,46
35.6204045,139.7788891,43
35.6274364,140.1033825,12
35.6328512,-77.4852672,0
35.6344767,6.2775877,2
35.6378823,-0.6152677,8
35.6398433,139.7243825,87
35.6399328,138.6380495,4
35.6469025,139.652531,42
35.6544501,139.7053356,109
35.6569493,139.6968958,104
35.657267,139.5425627,27
35.6575911,-117.6418667,0
35.6580089,139.7515137,143
35.6581501,139.4305268,27
35.660548,139.7950539,37
35.6605744,139.7104162,111
35.6653668,139.7682873,136
35.6663595,139.3163653,13
35.6665943,139.7930229,64
35.6706436,139.7719923,123
35.6713394,139.3949801,26
35.6713502,139.750818,166
35.6762919,139.734402,188
35.6768601,139.7638947,140
35.678521,138.572316,16
35.6823093,4.5182837,3
35.6833926,139.5592421,44
35.6876096,-105.938456,5
35.688795,139.734537,191
35.6888667,140.0211756,18
35.6892523,51.3896004,70
35.6935008,139.3338854,9
35.6937632,139.7036319,144
35.6945835,139.9825387,2
35.699409,139.5184335,54
35.7015151,139.7642375,149
35.702287,139.7624917,154
35.7027174,51.35172,61
35.7043042,51.4093392,78
35.7044415,-0.6502981,8
35.704584,51.394761,82
35.7050116,0.5805459,4
35.7058081,139.3536109,10
35.7058628,51.3941557,82
35.7066308,51.3491105,59
35.7068579,139.7135424,180
35.7077781,-0.579255,7
35.7086179,139.6629399,53
35.7089418,138.4461193,1
35.7091798,139.7197213,177
35.7092577,111.2616877,0
35.7102814,139.5230986,52
35.7111638,139.7605624,155
35.7118165,139.5730897,36
35.719874,-0.5675118,12
35.7214564,51.381677,95
35.7234619,140.2240158,4
35.7297754,139.7556952,155
35.7298505,139.7030216,90
35.734772,51.9063798,3
35.7365092,-5.8930337,5
35.738783,-78.7828319,0
35.7427943,51.5057386,13
35.7472291,139.802157,24
35.7494962,114.2841988,0
35.7617808,51.3731861,79
35.7644597,51.4097293,82
35.7707582,10.8280511,15
35.7718497,-78.674087,23
35.7730076,-86.2820081,0
35.7803977,-78.6390989,13
35.7817053,139.6058692,4
35.7882893,-78.7812081,0
35.7893408,51.3158327,11
35.7931194,139.5657258,10
35.8025136,51.3932697,47
35.8096923,10.6055797,18
35.8115692,51.4157946,28
35.8172501,100.3405266,0
35.8237631,127.1472805,6
35.824341,-78.8300321,1
35.8275843,-86.4700765,0
35.828022,128.7572223,9
35.8288284,10.6405254,19
35.8359442,127.0496625,11
35.8363185,0.9118537,0
35.8441163,-90.6726325,5
35.8460396,-86.3921096,16
35.8466752,127.1337209,5
35.8556705,129.2248811,7
35.8556729,139.3283562,3
35.8567134,128.4849417,2
35.8569094,50.9882376,18
35.8614026,-78.8753576,0
35.8619719,139.6075894,2
35.8676218,139.9756876,14
35.8687758,7.1150645,3
35.8713,128.6018,23
35.877082,14.5063877,4
35.8794749,139.5195441,1
35.88137,-106.298959,1
35.8860496,-106.3200685,1
35.8905697,128.6108553,17
35.8923773,-78.8658899,1
35.8930499,-78.751265,0
35.9019845,139.9362283,10
35.9020939,14.4834607,4
35.903204,128.8511276,28
35.9039,127.1622,0
35.9046729,-79.0533595,3
35.9050354,-79.0477533,3
35.9111518,128.8077284,28
35.9183873,139.9084751,7
35.9241954,139.4829839,10
35.928808,0.089978,8
35.9301332,-84.3119307,3
35.9351738,139.654269,6
35.9415688,139.316039,6
35.9516352,-83.9308819,3
35.9603948,-83.9210261,3
35.9679984,126.7369036,1
35.9738872,120.1998057,2
35.9754168,139.4160114,5
35.9790551,140.1495982,5
35.9816964,120.1623183,3
35.9901282,114.5096506,0
35.996653,-78.9018053,3
36.0001557,-78.9442297,3
36.0014644,120.1163655,1
36.0073002,-78.8823949,3
36.0075045,120.1260965,1
36.0098907,-84.2619731,2
36.0103562,-84.2696449,2
36.0180795,129.3208556,2
36.0189315,129.3429384,1
36.0419302,-94.1691799,6
36.0500275,129.3722965,1
36.0504988,103.8544558,9
36.0525741,103.8568031,10
36.0526223,103.8394984,9
36.0531797,140.1171149,35
36.0621497,136.2239821,2
36.0625843,-94.1574328,6
36.0658593,120.3747272,4
36.0663249,120.3777659,4
36.0687136,140.1230415,35
36.0710122,4.7616616,4
36.0734025,140.1201334,35
36.07681,136.211926,3
36.077561,-79.7705451,7
36.0796376,120.4374768,4
36.0833265,140.077279,30
36.0851624,-94.1558257,6
36.0970389,-94.1703322,6
36.0982481,103.733089,5
36.0996405,-115.14675,1
36.0998131,-80.2440518,8
36.103127,129.3886111,4
36.1070526,140.1006602,22
36.109347,103.7239317,4
36.112446,50.5205978,0
36.1143945,138.0319015,0
36.1178237,-94.1765854,0
36.1212188,120.478556,8
36.1311725,-5.4473991,4
36.1313523,-97.0890651,4
36.1438011,-86.8028189,12
36.1446935,140.0756836,9
36.1453765,49.2130055,8
36.1523306,-95.9459602,4
36.1586843,2.0842817,0
36.1622767,-86.7742984,8
36.1635648,117.1498577,6
36.1684627,54.3237144,2
36.1748736,-85.5089051,9
36.1911744,44.0094145,10
36.1974016,139.2816997,1
36.19924,37.1637253,16
36.2252456,1.2415742,4
36.2318866,137.9345921,1
36.2487443,44.0863698,3
36.2504662,58.8325115,5
36.2530024,139.8052643,0
36.263285,140.5495366,0
36.265344,2.766957,6
36.285862,103.632326,0
36.2869536,140.4703384,0
36.2974945,59.6059232,10
36.2984539,7.9242269,2
36.3096482,59.5293728,14
36.3133375,140.5747222,0
36.3136511,59.5359373,14
36.3216299,50.0082858,9
36.3220984,139.0032758,2
36.3223766,50.0328952,4
36.3226284,120.3931739,0
36.3241356,113.0853944,0
36.330404,-86.5943278,1
36.3319894,127.4359144,12
36.3352732,127.452935,12
36.3354252,127.4603521,12
36.3391374,6.6224622,10
36.3497007,127.3849016,49
36.3557822,139.3983284,2
36.357491,59.5159222,12
36.3620732,127.3564099,68
36.3688546,120.6737612,4
36.3703054,127.3620118,79
36.3721692,127.3469729,72
36.3774919,127.3547565,78
36.3825332,3.8927526,5
36.3835879,43.1434133,2
36.3922405,127.4025363,80
36.398987,118.5055691,0
36.4195026,54.9649915,5
36.4227469,140.4739914,1
36.4232372,139.348455,4
36.4283175,127.3956037,51
36.4318169,116.005428,2
36.4364646,-78.9602728,0
36.463575,140.5696265,0
36.4705658,2.8274937,2
36.4709422,52.3571278,7
36.5102425,140.126863,0
36.515854,48.4777616,0
36.52198,139.033483,0
36.5246569,-117.9039708,0
36.5297438,-6.2928976,14
36.5309216,136.6275826,5
36.5487554,139.9130866,5
36.5552545,136.6709487,16
36.561627,136.6568822,9
36.5616601,52.6815349,13
36.5634886,128.7260798,1
36.5682281,139.7457781,0
36.5731668,101.8450273,0
36.5748441,139.2394179,0
36.582366,36.164095,2
36.596924,-121.8732706,1
36.5991225,140.6504604,1
36.6105229,127.2887154,6
36.6213701,109.4576477,2
36.62593,-121.816926,1
36.6273687,138.1903335,4
36.6281688,127.4538403,4
36.638392,127.6961188,0
36.6421169,127.4891742,4
36.6486692,53.0701737,7
36.6514701,117.0351431,29
36.6519754,117.1138479,9
36.6584401,116.9552149,5
36.6587696,117.4896969,5
36.6593624,-115.9993383,0
36.6687882,117.5135979,5
36.6714564,117.0515287,30
36.671677,48.5055391,21
36.679302,137.140739,20
36.6816936,-6.1377402,2
36.683301,116.9589445,4
36.6888162,2.9815406,2
36.6912955,53.5432769,3
36.6957569,137.2136215,10
36.6964131,117.0676849,14
36.6996488,52.6460869,6
36.7014631,-118.755997,0
36.7040811,5.0535872,1
36.7047946,119.1264787,1
36.7074551,119.1558166,1
36.7115728,138.4935692,0
36.7117308,138.4937932,0
36.7167933,-4.4746481,5
36.7231245,-4.4496548,5
36.7261362,-4.4559643,5
36.728569,101.7474125,3
36.7304657,137.0753818,7
36.7313788,10.3363985,0
36.7352819,127.0757053,0
36.7505294,118.4985249,0
36.7511783,5.0643687,1
36.7588584,3.0042781,20
36.7590403,3.473102,8
36.7598364,3.4709249,8
36.7635507,127.281751,1
36.7729333,3.0588445,20
36.7797231,37.1416892,0
36.7885836,3.0613066,9
36.7901261,3.2624484,1
36.7903098,3.0172742,16
36.79087,126.93411,3
36.7941854,34.6217603,4
36.7978381,34.6298391,4
36.8002068,10.1857757,38
36.8075189,5.7497604,1
36.8107193,117.9958537,2
36.8150283,127.1140654,8
36.824463,101.440811,0
36.8267581,10.1997985,47
36.833,127.1789962,7
36.8370597,10.1477835,46
36.837732,54.4394072,9
36.8421386,50.5873018,0
36.842802,10.1969246,44
36.8507941,10.1912271,42
36.8517528,127.1510574,6
36.8527154,127.7153257,0
36.8694368,7.717825,2
36.8801317,6.9077363,1
36.8862685,118.0754083,0
36.8862699,-76.3097248,0
36.8938473,30.6508866,3
36.9775016,-76.42977,0
36.9784394,37.3005375,1
36.9863599,35.3252861,2
37.0001245,-122.0622122,5
37.007773,127.279971,4
37.0117775,127.2634692,4
37.0353788,37.3129772,3
37.0500064,35.3573623,18
37.0510595,-122.014684,0
37.0525596,30.6251473,1
37.0750975,57.5096169,4
37.0958904,-76.3872424,0
37.1232245,-78.4927721,0
37.1326042,128.1913508,2
37.1555175,38.7967781,1
37.1570412,140.4468974,0
37.1660283,28.3833896,2
37.1725771,33.2584112,1
37.1734995,-3.5995337,27
37.1766667,-83.3269444,0
37.1827211,-3.6056278,27
37.1922074,49.638155,5
37.1994653,126.8312632,1
37.2045719,-99.8133765,0
37.2185308,127.0659624,5
37.2219268,-80.4272818,2
37.2296566,-80.4136767,2
37.2333253,-121.6846349,0
37.2345964,9.8824208,8
37.2351228,127.0092162,10
37.23808,127.1900788,3
37.2405741,127.1785572,3
37.2424001,127.0813337,5
37.244889,49.5767054,13
37.2534438,-121.9345283,0
37.2592973,127.0485896,7
37.2633325,127.0287472,7
37.2704282,-121.7935821,3
37.2712497,-76.700035,1
37.2735659,-6.9195247,18
37.2830024,127.0453782,6
37.2870626,-121.944881,1
37.2884675,127.0535231,6
37.298356,126.8387889,9
37.3003187,126.9697911,12
37.3048922,-5.9426403,5
37.3103949,126.72241,2
37.319288,127.1289665,4
37.3217152,126.8308604,9
37.3324115,-122.0289121,0
37.3340519,-121.8943326,9
37.3351902,-121.881225,9
37.3361663,-121.890591,9
37.3420996,127.9197603,8
37.3449082,126.9689861,8
37.3541132,-121.955174,3
37.3604283,-5.9876885,26
37.365182,-120.4225275,2
37.3688301,-122.036349,5
37.3698748,127.9290587,4
37.3705437,-121.9670806,4
37.3766166,126.6674244,7
37.3801291,126.6728057,10
37.386116,126.6394474,4
37.3877783,-122.0554994,4
37.3883596,-122.0417775,5
37.3886303,-5.9953403,37
37.3893889,-122.0832101,3
37.3938528,126.9570605,8
37.3966298,-121.918936,4
37.3974949,-122.0842646,4
37.4041096,-122.0513074,4
37.4043497,127.1003498,1
37.4045023,-6.000643,37
37.4156914,127.0986922,2
37.4167876,-122.2049266,7
37.4171237,-121.9474756,2
37.4201556,127.1262092,3
37.4202304,-121.9267976,3
37.4205875,-121.9638741,3
37.4235445,138.7780728,3
37.4249262,15.027629,0
37.4265407,-122.1703055,9
37.4313138,-122.1693654,8
37.4332273,-121.8989248,3
37.4334738,118.6689349,0
37.4351796,-122.1746129,8
37.4441182,-122.1611302,9
37.4443293,-122.1598465,9
37.446996,138.8512199,3
37.4494431,126.6534446,14
37.4519671,-122.177992,8
37.452798,127.1337775,7
37.456,126.7052,15
37.461928,121.4425255,7
37.4636,126.6502,12
37.4668979,126.9477791,12
37.4697275,15.0667062,11
37.4759752,57.3319881,8
37.4811727,126.8862794,6
37.4813107,-122.1592403,5
37.4835,127.0322,16
37.495358,44.1054777,0
37.4962989,126.9567202,20
37.5004435,127.0055211,22
37.5014422,126.7660139,11
37.5023612,15.0873718,21
37.5025707,42.4265426,1
37.5056814,127.0559028,17
37.5080182,126.9612686,21
37.5120997,122.1152599,0
37.5145,127.1058,13
37.5230897,121.3545232,3
37.5241326,15.0698469,21
37.5244177,15.0699381,21
37.5263041,127.1096013,12
37.52977,45.0468642,17
37.5442933,126.9652336,52
37.5461246,-77.4540609,6
37.5482697,-121.988571,0
37.5500352,127.076021,17
37.5569876,127.0470893,40
37.5582383,126.9994886,53
37.5600336,-122.2688522,2
37.5601546,126.9355554,44
37.5620442,126.831736,4
37.5643371,126.9468925,51
37.5649575,126.673603,7
37.5660234,14.2775489,0
37.5666791,126.9782914,67
37.5673957,111.1311369,1
37.5791175,126.9987329,61
37.5880378,127.0323927,59
37.5885518,36.8189117,2
37.5905083,-77.5313666,2
37.5971213,127.0519867,47
37.6008613,127.0452018,55
37.6015012,-0.9784431,24
37.6027807,126.8683965,3
37.6090291,-121.899142,0
37.6114792,126.9964154,45
37.6324414,127.0794648,25
37.6389997,-122.1307649,0
37.6452283,138.7669125,0
37.6520889,44.9799463,2
37.6535403,-122.4168664,0
37.654,127.0567,21
37.6624312,-121.8746789,0
37.6638447,126.7833745,4
37.6736516,-121.7072096,2
37.6820583,-121.768053,2
37.6846295,30.3371963,1
37.687165,-122.402794,0
37.6875252,126.7593175,4
37.6922361,-97.3375448,2
37.7083423,-89.2275556,1
37.7186944,-89.2032668,1
37.7245167,-122.4799957,3
37.7364305,115.6677229,0
37.7392,29.1014118,5
37.7463064,112.6568174,4
37.7553389,-121.8963663,0
37.760777,140.4745807,0
37.7627257,-122.4582568,13
37.7648021,-121.9544387,0
37.7718367,-122.4164222,31
37.7728858,-3.7883289,2
37.7762456,-81.186063,3
37.7874104,41.2573924,0
37.7879363,-122.4075201,30
37.7999763,112.558743,12
37.8001306,112.5816662,11
37.8314089,-122.2865266,5
37.8379545,30.5350457,8
37.8580651,112.5163671,15
37.8653433,-122.2602014,15
37.8672582,127.7447487,9
37.8688823,138.9419567,3
37.8698546,-122.2849233,15
37.8699921,112.5437075,13
37.8762248,32.4313675,5
37.8769588,-122.2456303,14
37.8811393,-122.2644976,15
37.8827661,114.400292,1
37.8843231,-4.7885498,14
37.8861199,127.7386506,10
37.887283,112.5929636,2
37.8948267,127.2007295,2
37.9044835,40.2749929,1
37.9347521,-1.1131029,5
37.9357576,-122.347748,2
37.9532435,-91.7742667,1
37.970038,23.7652367,51
37.9752283,23.7801217,58
37.9774256,114.5156097,2
37.9787088,23.7334997,55
37.9909537,23.6832141,23
37.9912577,-1.1852019,45
37.9948596,-1.1295037,46
37.9965514,114.5149368,6
37.9978864,23.8192663,39
38.0061728,114.5245739,4
38.0242069,32.5057052,2
38.0266291,-84.5047222,10
38.0397189,23.8102372,8
38.0410576,-78.5055084,4
38.0429742,114.5088385,4
38.0431478,46.3873072,6
38.0464066,-84.4970393,10
38.0523958,46.284404,20
38.0582347,23.7713365,0
38.0587006,114.525018,3
38.0664691,34.7051438,0
38.0738612,46.2978789,21
38.1112268,13.3524434,13
38.1207709,15.6654582,4
38.1468023,127.3133,0
38.1573223,-86.6770432,0
38.1595867,13.3259728,2
38.172877,45.7086305,3
38.1904931,116.1191021,0
38.1937571,15.5542082,4
38.2093574,48.2906904,9
38.2133224,-85.7577075,39
38.239215,-91.3059819,0
38.2462459,140.3497439,1
38.2493026,140.8776015,23
38.2533294,140.8741895,24
38.2541921,140.8407024,27
38.2653307,-0.6988391,4
38.2677554,140.8691498,28
38.2744348,140.8741703,26
38.2817941,-76.4252568,0
38.2845981,116.7779467,2
38.2885577,21.789485,37
38.3001159,-77.4571472,1
38.321089,106.3885725,0
38.3249599,43.6589825,0
38.3313453,33.992396,1
38.3436365,-0.4881708,21
38.3634776,-0.4956181,44
38.3740623,26.9853309,1
38.3813008,27.2232346,5
38.4101,106.2741013,1
38.4240161,48.4840477,0
38.4404925,-122.7141049,0
38.4506783,46.0264338,0
38.4544435,27.2024459,5
38.4556928,27.2281857,4
38.4654282,38.3570267,1
38.4774934,47.0662215,2
38.4814015,42.1582309,2
38.4871699,106.2266569,0
38.4916812,106.1686188,4
38.5123509,27.0313048,1
38.5337904,-121.7907544,2
38.5435526,-121.739005,1
38.5479104,44.9512397,2
38.5645648,68.7891691,36
38.5744962,-7.9158308,9
38.5778447,23.642417,2
38.5810606,-121.493895,4
38.5893548,68.7734591,34
38.5900038,-90.2077654,4
38.6254063,-90.190009,7
38.635359,-90.231845,8
38.6359002,-121.4610965,0
38.6472402,-90.3084017,9
38.6631572,-9.2049894,12
38.6637429,-9.198197,13
38.6728215,29.3284983,1
38.6788086,39.1932362,1
38.6827365,-121.0536827,0
38.6884369,-89.9592558,0
38.694335,-0.4775731,2
38.7073914,35.5337566,6
38.7077507,-9.1365919,37
38.713055,35.4534907,1
38.7136137,-9.1458084,46
38.7251776,-105.607716,0
38.7367455,-9.1383914,40
38.7436763,-9.1396022,42
38.7509488,-77.4752667,1
38.7527961,-9.1570276,41
38.7691135,-9.1806113,26
38.7716925,41.4243937,1
38.784932,30.4668067,1
38.7889142,26.9669803,0
38.8051095,-77.0470229,2
38.8100702,-9.0999313,3
38.8258919,-85.3382911,0
38.8339578,-104.825348,4
38.8579735,115.490696,11
38.8584417,34.6546402,0
38.8644415,115.5266569,11
38.8676931,121.5493268,11
38.8697788,-90.075834,0
38.8701106,121.5230701,9
38.8760446,115.4973873,10
38.8769326,-77.0893094,12
38.878187,-6.9701115,5
38.8795182,-77.0030001,12
38.8806776,-77.1089359,8
38.8808332,115.5606323,7
38.8812564,121.52016,12
38.8844158,-7.0009402,5
38.8863047,-77.0266121,19
38.8903961,-77.0841585,19
38.8924932,-104.7996978,22
38.8930921,-77.0477737,21
38.8950982,-77.0363849,22
38.8994972,-77.0482005,23
38.9008748,40.4854983,1
38.911216,-77.0753261,23
38.9115422,121.5653388,7
38.9130495,121.6098013,4
38.9163778,27.8285119,1
38.9218972,-77.0195931,25
38.9352309,-77.182126,2
38.9364147,-92.329703,7
38.9366852,-77.185843,2
38.949113,100.4401355,0
38.9587514,-77.3585955,0
38.9646244,-77.4463445,1
38.9695316,-77.3859479,0
38.9701853,-123.6880732,0
38.9786401,-76.492786,2
38.980666,-76.9369189,3
38.9812726,-77.1233587,6
38.982888,-76.8525985,0
38.9950921,-1.8559154,23
38.9969312,117.3062804,7
38.9982338,-77.1014511,4
38.9983345,-76.970741,3
38.9997621,-77.0240371,3
39.0000001,116.0,0
39.0030666,-76.9721023,3
39.00371,-76.9439449,3
39.004607,-76.8756838,2
39.0050184,125.7451988,18
39.0080601,-76.7797899,2
39.0351079,-77.7905502,0
39.0392404,-94.5724866,3
39.0405608,-94.6169013,3
39.0584702,125.7678609,15
39.0621921,117.1333089,12
39.0633635,-76.8931713,2
39.063464,-77.1118885,0
39.0642723,117.1053155,11
39.0709682,117.6920043,1
39.0797054,117.1771869,20
39.0844064,117.1957475,18
39.0861373,26.570155,5
39.0924792,-94.4137923,1
39.095672,117.0886144,11
39.100105,-94.5781416,0
39.1084771,117.2171655,16
39.1134562,-94.626497,0
39.1316116,-77.2165406,1
39.1318959,-84.5157893,7
39.1399187,-77.1929215,1
39.158168,-75.5243682,3
39.1593718,-77.2143689,0
39.1611739,-76.8962423,3
39.1928853,-76.7241371,2
39.2021006,-77.2629056,0
39.2086412,-96.5884966,4
39.2284753,9.1106187,20
39.2908816,-76.610759,10
39.3032619,117.4163641,0
39.3241782,-82.1015648,0
39.3302023,-76.6218536,10
39.3446663,-76.5836094,7
39.3524029,16.2343601,8
39.3624833,22.9401864,11
39.3662444,48.3149653,2
39.3858771,140.0487402,1
39.415779,-77.4127562,2
39.4213601,-76.7014624,1
39.4436537,-0.3761017,23
39.4697065,-0.3763353,25
39.4788203,-0.360669,25
39.5047749,75.9305573,1
39.5090599,-0.4108581,14
39.5094198,-84.7311546,2
39.5162401,-76.9382069,0
39.5259423,-0.4733018,1
39.5302055,116.6926134,4
39.5367209,-0.4569835,2
39.5379589,28.0117638,2
39.5695818,2.6500745,3
39.5773839,-123.7747388,0
39.6044347,-76.9516955,1
39.613321,-105.016649,0
39.6156591,20.8412647,18
39.6225348,118.187651,9
39.6242388,118.1116984,2
39.6424305,-79.9640534,17
39.654039,66.9596154,17
39.6672018,-104.8916667,0
39.6702089,-104.9024269,4
39.6766157,-104.9623745,4
39.6802837,-75.7530984,4
39.7064855,37.0265587,3
39.7103526,-75.1193267,45
39.7164303,141.1358772,9
39.7277525,140.1331901,16
39.7288145,-89.6172915,1
39.7383807,-84.1791678,1
39.7386338,-105.2246389,0
39.7392364,-104.984862,5
39.7401441,-104.8733376,5
39.7433927,116.3232041,6
39.7443061,116.034947,0
39.7446494,-104.8386619,3
39.7460707,-105.001771,5
39.7472267,116.3196656,6
39.7475908,-83.8103189,0
39.7485483,30.4761351,7
39.7488408,-90.2676677,0
39.7546349,-105.22058,0
39.7589478,-84.1916069,1
39.7673679,-84.0601749,2
39.7683331,-86.1583502,7
39.7715911,116.5003488,2
39.7743941,30.519116,9
39.7747586,-86.1769528,8
39.7803814,32.8096764,4
39.7842039,-84.0567799,2
39.7871062,-86.1647367,8
39.7948667,116.4998627,1
39.8054499,116.503416,1
39.805603,39.3772406,2
39.8070951,44.0819008,1
39.814042,32.7261579,1
39.8155668,116.1348709,7
39.8155878,-84.2071437,0
39.8208998,-84.0193858,2
39.8210575,34.8069573,1
39.8219053,-84.0495886,2
39.8248153,-84.0449543,2
39.8318317,-84.0545364,1
39.8366528,-105.0372046,2
39.8558913,-4.024265,6
39.8571176,116.2804172,10
39.8633289,116.3469177,16
39.8661254,32.7355223,40
39.8739144,116.4772024,8
39.8755074,32.7855305,51
39.8782144,32.8719399,4
39.8850753,33.5785308,0
39.8894453,-75.1751303,0
39.8915691,32.7822904,51
39.8936695,116.3151027,31
39.9007811,-0.3409807,0
39.9024928,41.2427694,4
39.9046102,116.216797,14
39.9057136,116.3912972,14
39.9069176,116.6516918,1
39.9075918,-75.5317853,1
39.907697,116.2440577,18
39.909071,116.24162,18
39.9093367,116.3297146,42
39.9110517,116.409643,11
39.9116318,116.5576143,3
39.9119073,116.551909,3
39.9141166,41.2803441,4
39.9155648,116.7221359,2
39.9166913,66.6467766,0
39.9190158,116.3980164,12
39.9193825,-75.2366837,1
39.9207759,32.8540497,24
39.9217454,116.42988,11
39.926149,116.3321079,49
39.926778,116.2021312,13
39.9367525,119.5942213,1
39.9383074,32.8235014,26
39.9459061,116.3461866,63
39.9476181,-75.1944141,17
39.9489114,-75.1580566,21
39.9504404,116.336069,75
39.9522148,-75.1955729,20
39.9527237,-75.1635262,21
39.9545335,-75.1865653,20
39.9578214,116.3098237,91
39.9597631,116.359724,79
39.960227,116.3519331,96
39.9622601,-83.0007065,2
39.967436,116.2939256,103
39.9695397,116.3071291,112
39.9702425,116.4150875,33
39.9703155,32.8178837,19
39.9728584,116.4206919,31
39.9809427,116.3409787,121
39.9809855,116.3538443,117
39.981188,-75.1562828,22
39.9828516,116.3245244,118
39.9829994,116.3247868,118
39.9841106,116.4666395,14
39.9860347,-0.0377354,1
39.9866862,116.3405212,117
39.9874326,116.3013618,107
39.9886573,116.3406423,119
39.9889733,116.4206958,38
39.9902333,116.3531753,117
39.9918215,116.3039468,103
39.9921913,116.3295287,119
39.9971399,116.3436324,117
39.9973897,116.3242514,116
40.0004518,116.3253321,113
40.0021458,116.1991644,12
40.0022516,-3.2468911,0
40.0022905,116.320963,109
40.0056982,-83.0286573,1
40.0068931,-86.0632832,0
40.0075984,-105.2691008,8
40.0142508,-105.2532884,8
40.0149856,-105.270545,8
40.0160281,116.3713841,82
40.0233682,116.3124133,88
40.0291456,-83.1132529,0
40.031944,-75.33586,6
40.0329861,-75.1791515,4
40.0409927,116.4117917,9
40.0459225,116.2780923,27
40.0460881,-86.0139854,0
40.0515072,116.4338167,5
40.0620915,-87.6392353,0
40.0637834,-83.0198333,0
40.0741012,116.2702522,21
40.0802322,116.5938886,0
40.0811745,-82.8087864,0
40.0881244,116.3035388,17
40.0996009,-83.1135563,0
40.1009806,-88.231491,4
40.1117174,-88.207301,4
40.1131563,-88.2247919,4
40.1133075,122.0548756,0
40.1141592,116.4605159,1
40.1196538,-75.120194,4
40.1237658,124.3821748,5
40.1269277,-75.3402099,0
40.146799,-76.6073915,0
40.1468322,-88.2573373,3
40.1492035,116.3215882,8
40.1750746,116.1593872,2
40.1777112,44.5126233,48
40.1825734,29.0675039,1
40.1861497,-8.4152502,21
40.1900369,29.9668186,1
40.2182737,116.2413961,4
40.2364486,-83.3671432,0
40.238967,28.8697527,3
40.2529874,115.9347849,0
40.2554196,-111.6496806,1
40.2663107,-76.8861122,2
40.2677262,-7.4944365,1
40.2782922,-7.5112123,1
40.2804021,-7.504191,1
40.284241,-84.1555267,0
40.2915544,-3.7518435,11
40.3024514,-79.5443274,2
40.3281039,36.4806021,0
40.332786,-3.8683793,4
40.3327974,-3.7653449,3
40.3351708,27.9366561,5
40.335345,-75.9279495,1
40.3386752,-74.6583655,5
40.3496953,-74.6597376,5
40.357725,116.6618166,18
40.372971,49.8144015,58
40.3732763,49.8139975,56
40.37546,-3.6959057,7
40.375693,49.8131112,56
40.3761936,49.8551263,66
40.376385,-3.6980587,7
40.3764879,71.7913193,7
40.3824595,49.8228422,66
40.3860769,-3.6176734,7
40.396411,49.8497598,67
40.4051424,-3.702368,43
40.4060508,-3.5768954,5
40.416782,-3.703507,47
40.417817,39.590483,0
40.4196884,-3.6711358,50
40.4234145,-74.7077882,0
40.4237276,-3.6899043,51
40.4249744,-3.7078396,47
40.4258686,-86.9080655,0
40.4280112,-3.6772688,53
40.430028,-86.9264211,1
40.4356489,-3.6793131,58
40.4369402,-3.7358837,44
40.4406968,-80.0025666,25
40.4438736,-79.9586265,27
40.4439193,-79.9428267,27
40.444153,-79.962461,27
40.4522834,-3.7205945,53
40.452437,-3.7205541,53
40.4530922,-80.0043013,25
40.4540255,-124.0536568,0
40.4619489,-86.9296852,1
40.4736619,-3.7014409,47
40.4744847,-3.6819235,43
40.4813101,-3.6872735,38
40.481954,-3.363981,21
40.4873281,-3.6938661,25
40.4936119,-74.4436416,5
40.511589,-74.5048662,4
40.5204169,-74.4645303,4
40.5453765,-3.6949578,16
40.5464326,-74.4660542,2
40.5473558,-3.6918341,16
40.5675084,-74.6189556,0
40.5697893,-79.7647705,0
40.5718837,34.983975,2
40.5834557,-74.1496048,2
40.6022552,-75.4716115,1
40.6030543,140.4640389,6
40.6072171,35.8133663,3
40.6090421,-3.6951029,1
40.6177746,-74.0728168,1
40.6178915,-75.3786521,6
40.6193998,109.8252669,3
40.6212099,31.6460259,0
40.6225259,33.6192821,2
40.6249072,120.7755982,2
40.6309436,22.9558478,7
40.6320293,-8.6597957,6
40.6340472,-8.6599809,6
40.6424116,-79.1262839,0
40.6525449,29.2173066,5
40.6916081,-75.2099866,10
40.6956876,-73.9878794,26
40.6984348,-74.4015405,0
40.7064088,-74.5492725,0
40.7127281,-74.0060152,39
40.7130164,-111.9851239,0
40.728564,-111.9781838,0
40.735657,-74.1723667,5
40.7421254,-74.1790316,5
40.7421339,30.331007,2
40.7434467,-73.9722189,41
40.745462,-73.9821457,43
40.7481574,-73.97875,41
40.7492678,-73.6406845,1
40.7564203,111.6801736,2
40.7624395,-73.9557565,37
40.7628137,-111.8368719,3
40.7644418,-73.9569549,39
40.767009,-73.9547002,41
40.7670101,-73.9510126,31
40.7683065,-111.8466407,3
40.7706572,-73.7176312,1
40.7707654,-73.9851165,46
40.7726291,30.4038575,1
40.7727423,-73.9843575,49
40.772812,14.799443,4
40.7743856,29.9877675,3
40.778519,-4.4182673,0
40.7863421,111.5455609,3
40.789793,-73.9532536,25
40.7946489,-77.8645077,1
40.7979915,-77.862813,1
40.8006696,29.431767,6
40.8070979,-73.7957328,1
40.8077507,-73.9624901,23
40.8088861,-96.7077751,0
40.8114612,29.3602715,2
40.8128971,-77.8710571,1
40.8161489,-73.9523851,16
40.8171433,114.8782861,2
40.8181098,-73.950886,16
40.8184528,111.6601939,14
40.8187372,29.922908,1
40.8216536,29.9507184,1
40.822222,122.8275,0
40.8222312,14.1946145,10
40.8304267,111.6587169,13
40.8358846,14.2487679,33
40.8419836,-73.9436897,17
40.8455637,14.2579528,30
40.8514971,-73.0994297,0
40.8542807,-73.8456159,2
40.8646081,14.2250813,32
40.86461,14.2250814,32
40.8701865,-74.7380836,0
40.8745102,-72.8667428,0
40.90056,-73.90639,3
40.9033645,31.1527404,8
40.908482,-73.1325471,2
40.9155873,38.3897724,2
40.9569617,40.884428,0
40.9598328,29.1863332,12
40.9621455,-5.6690588,24
40.9651572,-5.6640182,24
40.9664366,14.2000069,4
40.973212,14.204928,4
40.9770941,29.0654919,10
40.9852235,29.0537858,15
40.9872142,29.052956,15
40.9913053,28.7236849,6
40.9916257,28.7967971,3
40.9921996,-75.9078749,0
40.9956838,29.0622449,17
41.0054605,39.7301463,5
41.006381,28.9758715,67
41.0117543,28.9602172,68
41.0203836,28.6873361,5
41.0253903,28.9581685,77
41.0521088,28.9850651,74
41.0522441,29.0105277,39
41.0550969,-73.8201338,5
41.0578861,28.951018,41
41.0637281,16.8636805,3
41.0757304,-81.5154856,2
41.0790159,29.0439589,27
41.1045571,29.0263441,16
41.1055056,16.8592975,13
41.1067218,-80.6477542,2
41.108887,16.8785859,13
41.1094882,16.8816878,12
41.1171283,16.8631378,13
41.1226832,1.2501587,4
41.1269585,-94.062779,0
41.1324296,42.7809261,1
41.132973,-73.7126064,0
41.1344528,-8.6043163,38
41.13805,24.8864089,3
41.1601564,14.6708701,0
41.1696833,29.5638991,2
41.176944,124.157425,0
41.1784933,-8.5961974,39
41.1785155,-8.6078359,43
41.1823352,-8.6060513,42
41.1968317,41.8479195,4
41.2004228,32.6193507,1
41.2214475,1.7301449,4
41.2303557,35.9683338,0
41.2397258,121.4413494,0
41.2526687,-73.0946287,0
41.2550772,-95.9769529,8
41.2701781,-73.7753539,0
41.2709274,-73.7776336,0
41.2909114,-72.9626379,9
41.3105535,-81.8639369,0
41.3119437,69.2534057,36
41.3123363,69.2787079,42
41.3144733,-81.83511,0
41.314986,-105.5643222,0
41.3341713,-72.0466732,1
41.3351751,-72.9186845,3
41.34655,-72.0388786,1
41.3504825,69.2042716,17
41.3532453,69.2051584,16
41.3578312,33.754064,2
41.3595118,2.0996318,42
41.3785479,122.4268343,0
41.3791985,-73.472104,1
41.3795005,-83.629789,3
41.3825802,2.177073,58
41.3837082,2.1939577,31
41.3850029,32.0868271,1
41.3868595,2.1634784,87
41.3894459,2.1522761,89
41.4064537,-81.8510152,1
41.4084246,2.2186575,17
41.4139764,2.1755472,54
41.428088,2.2198961,9
41.451416,31.771195,3
41.4526953,-8.2888516,4
41.4581056,46.1234811,0
41.4629628,-87.044689,1
41.4867126,2.1093709,14
41.4875129,-71.5343094,1
41.4912987,1.877085,0
41.4925576,13.8305297,4
41.4996574,-81.6936772,1
41.5011472,2.1097838,14
41.5013869,-81.6007022,6
41.5015527,2.1062607,14
41.5022533,2.1096329,15
41.5057921,-81.606233,6
41.5257541,2.0997217,14
41.5398348,2.4448926,3
41.5410191,-0.6757173,0
41.5515527,32.2811428,3
41.5517903,60.631281,32
41.5571178,-83.6279321,0
41.5630424,2.0232878,5
41.5827203,-73.8059964,0
41.6027723,-88.0822138,0
41.6147605,0.6267842,6
41.6311024,-91.540752,2
41.6422021,26.6159419,6
41.6583953,-83.6147907,4
41.6603788,-71.4558911,0
41.660959,-4.707387,11
41.6612561,-91.5299106,2
41.682918,-0.8893913,11
41.6915847,-0.9101268,10
41.7003302,-88.0717708,0
41.7045677,-86.2382203,3
41.7065539,-73.9283672,0
41.709141,-87.9786195,1
41.7166217,12.4446579,0
41.7170674,44.7213762,16
41.7198216,-72.8320435,0
41.727033,13.0041576,0
41.7341182,123.2431863,3
41.7374724,22.1935856,6
41.7419745,123.5096135,10
41.7526959,-111.808733,2
41.7634632,123.4117577,6
41.764582,-72.6908547,6
41.7673728,12.4695515,2
41.767914,-72.644512,2
41.7679693,-2.4797968,4
41.7761341,12.918715,0
41.7881243,-87.6047744,4
41.7913274,-87.6008421,5
41.7995499,1.8120757,0
41.8011658,124.7459491,0
41.8026095,123.4279105,10
41.8082452,12.6803684,3
41.8098972,-72.2575203,0
41.8119263,-72.2647704,0
41.8186395,-71.4088009,4
41.8216864,123.5651314,0
41.8228768,12.6732335,7
41.8271038,-71.4063901,4
41.827138,12.4718001,19
41.8290085,123.4286651,6
41.8313002,-72.7370265,1
41.8314278,123.4007626,6
41.8361641,-87.6264723,12
41.8422582,-88.245782,1
41.853159,12.617965,13
41.8559805,12.4669341,40
41.8748613,-87.6519866,13
41.8755616,-87.6244212,13
41.8789942,-87.8436412,3
41.8933203,12.4829321,84
41.8978633,12.5056272,70
41.9054564,12.4886367,73
41.9100961,12.5157794,62
41.9133898,-8.5639626,0
41.9171097,123.4124286,5
41.9240499,123.3987147,5
41.9360939,12.6096111,1
41.9370934,-88.7826784,1
41.9827186,12.5229164,2
41.9936657,21.4428736,29
41.9996719,-87.888823,0
42.0173501,-87.7769138,0
42.0279608,-93.6447375,2
42.0877998,-75.9706607,3
42.1368853,13.610341,0
42.1418541,24.7499297,15
42.1697395,-8.6833125,12
42.2583928,-121.7853992,0
42.2625621,-71.8018877,15
42.2649683,-71.796554,15
42.274315,-71.8084567,15
42.2783762,-83.741012,1
42.2813722,-83.7484616,1
42.291707,-85.5872286,2
42.2942142,-83.7100389,1
42.3051498,-83.0664983,4
42.3164302,-83.2245421,2
42.3172294,-83.2319394,2
42.328948,-83.1887648,2
42.3300435,-71.194862,7
42.3315509,-83.0466403,7
42.3351065,-71.0892575,22
42.3369167,-71.1038922,33
42.3375681,-71.1078696,34
42.3448498,-3.6812477,7
42.3468589,-71.5525188,1
42.3571895,-83.0709436,6
42.3582529,-71.0966272,33
42.3588043,-71.0577716,20
42.3588336,-71.0578303,20
42.3646148,-71.0902092,33
42.3656347,-71.1040018,34
42.3656637,-71.0904889,33
42.3657432,-71.1222139,30
42.36837,-83.3527097,2
42.3730556,-83.4927778,0
42.385169,-83.0605142,3
42.3979449,-83.5048395,0
42.428065,-8.6041447,7
42.4349207,-71.2347635,2
42.4374175,-76.5483724,2
42.4396039,-76.4968019,3
42.4409369,19.2492827,7
42.452916,-76.4800635,3
42.4590768,-71.2669334,1
42.4752647,-83.2506373,0
42.48059,-83.4754913,1
42.4913325,-83.4249073,1
42.4917301,-71.2817947,1
42.5090398,-71.1336295,0
42.5364661,-74.8865453,0
42.5584264,-71.268947,0
42.5664984,-70.9362957,0
42.5692453,-71.1266853,0
42.5755168,-70.9049497,0
42.5760966,-83.255011,0
42.5869558,-83.368957,0
42.5935964,-84.8443666,0
42.6055893,-83.1499304,2
42.6153595,-70.6624608,0
42.6384261,12.674297,0
42.6484682,21.1669558,19
42.6519097,-71.3173628,5
42.65717,-71.1408776,0
42.6583317,23.3824835,24
42.672626,23.3578257,40
42.6748917,2.9057183,4
42.6751847,23.3667446,38
42.6778969,-86.2063916,0
42.6840353,-73.8477748,4
42.684179,-73.8260352,5
42.6875323,-83.2341028,2
42.6913879,-73.8346774,4
42.6945901,23.3319937,38
42.6954769,23.3251297,38
42.6977028,23.3217359,36
42.6985304,2.8953121,4
42.7023794,-84.4803869,2
42.7298969,-73.6796678,1
42.7884957,-71.2009035,0
42.8018725,-1.6347063,5
42.8099923,-97.0915621,0
42.8154056,-73.8928774,1
42.815686,-1.6522353,5
42.8261165,-73.8740417,1
42.8298248,-73.8771938,1
42.8310834,-71.4875582,0
42.8547571,-2.6903297,3
42.8620287,-112.450627,0
42.8630374,-73.7747623,0
42.8738006,-8.5408961,40
42.8864163,-78.8781493,13
42.8874537,-8.5441381,40
42.8986198,-78.8656807,13
42.9002153,-78.869362,13
42.9100364,129.4809001,3
42.9638895,25.2119538,0
42.9830241,47.5048717,21
43.0054234,-81.274801,20
43.0166092,144.2605207,0
43.0374344,-87.9294774,2
43.0386475,-87.9090751,2
43.0438671,-88.0224532,2
43.0656783,-2.4900779,5
43.0695246,-2.5341336,5
43.0718986,129.3755747,0
43.0775181,-87.8812647,1
43.077639,-87.8819425,1
43.0795634,141.3373222,20
43.0802745,-89.4309587,3
43.0885645,-89.5260626,0
43.0892486,-75.2834207,2
43.097291,-73.7778723,2
43.1,129.2,0
43.1070321,12.4029962,28
43.1116731,-88.4992659,0
43.1132943,12.3846805,28
43.1232801,5.9361956,2
43.129864,-77.628784,11
43.1316471,-2.0622574,0
43.1355411,-70.9461816,8
43.1490693,-88.0660939,0
43.1561681,-75.8449946,0
43.157285,-77.615214,10
43.1591804,141.3977532,3
43.1675342,-2.0672224,0
43.1745711,-71.8313457,0
43.1790768,-88.1170784,0
43.1815829,-77.6563837,0
43.2121406,27.9212791,12
43.2198932,0.0969717,12
43.220567,76.9233182,41
43.2237428,27.9356554,9
43.2251168,0.0510878,12
43.2314113,-2.844051,0
43.232858,0.0781021,12
43.23495,76.9179574,42
43.2350932,76.9313413,40
43.2462233,5.4364876,10
43.2560802,-79.8728583,2
43.2630018,-2.9350039,9
43.2639397,-79.9178252,2
43.2683408,-2.9616576,9
43.2827605,-2.8623645,1
43.2907714,-2.8870439,3
43.2925689,-1.9688988,27
43.2957547,-0.3685668,23
43.2963986,5.3777888,21
43.2982705,-1.9584316,27
43.3047299,-2.0101268,27
43.3055875,5.3786102,29
43.3086383,45.7065735,16
43.3146145,-0.3653306,23
43.3229439,21.8934768,11
43.3251003,45.7143237,16
43.3266314,5.3893776,34
43.3442634,-8.3891462,12
43.3533452,-5.8795096,25
43.3600536,-80.3123023,0
43.4112973,-76.1279841,0
43.4200387,-83.9490365,0
43.4293094,1.4979743,0
43.447436,-79.666672,0
43.451291,-80.4927815,4
43.4618932,-3.8100255,16
43.4681587,5.6189322,0
43.4701994,-80.5452429,3
43.4712967,13.0746375,0
43.4714722,10.6797912,0
43.4714973,-3.8018803,15
43.4827568,-8.2237765,3
43.4887907,-112.03628,2
43.4961924,43.5956051,18
43.5117478,16.4676015,17
43.5158881,-83.9593131,3
43.5208319,-112.0490689,2
43.5296258,5.4534467,28
43.5327864,-80.2249974,3
43.5449422,-5.66275,8
43.5555299,-5.9222186,1
43.5560834,1.4805932,69
43.5569709,1.4629847,70
43.5575659,-74.1204119,0
43.5619318,1.4679104,74
43.562512,1.3866509,33
43.5627213,1.4890239,68
43.5628941,1.4797598,73
43.5638842,1.3821146,32
43.5642189,1.4665724,74
43.5686317,1.4652995,108
43.5866864,13.5153695,1
43.596581,-112.6561877,0
43.6032821,-116.19941,1
43.6044638,1.4442433,93
43.6073808,1.4381467,75
43.6082029,3.8845998,56
43.6112422,3.8767337,60
43.6132048,1.4476694,45
43.6134379,7.0511173,11
43.6134379,7.0511188,11
43.6166163,-116.200886,1
43.6235366,1.392345,42
43.6270041,7.0989546,11
43.6280935,7.0292709,11
43.6297707,1.3819073,9
43.6331162,3.8605852,61
43.6354676,-70.3245974,0
43.637998,3.8634851,63
43.6382443,-70.2529189,2
43.6438417,1.4261604,33
43.6447523,-79.4482598,4
43.6534817,-79.3839347,15
43.655848,1.3670548,3
43.6585342,-79.3784674,15
43.6608141,-79.3960322,15
43.6624561,-79.392723,13
43.6796766,10.3478436,4
43.685832,-79.7599366,4
43.6869938,5.7077225,4
43.6996571,5.7405504,4
43.7033798,-72.2886022,1
43.7046757,-72.2942089,1
43.7096757,10.4295992,51
43.7170132,7.2675774,32
43.7181284,10.4054089,51
43.718367,10.3954172,51
43.7204997,10.3832904,51
43.7206078,10.4026444,51
43.7627814,87.6190035,4
43.7743325,-79.5002705,2
43.7986702,125.3900209,13
43.7992756,11.255768,57
43.8122836,-91.2514355,0
43.8206879,125.2711103,14
43.8237068,143.903104,2
43.8244074,87.6139038,9
43.8315413,87.5899224,10
43.8333054,11.1998012,9
43.8349669,126.5438702,4
43.8461091,10.5111263,1
43.8513408,125.2773199,28
43.8534816,25.9726127,2
43.8550864,125.3163142,28
43.8563707,-79.3376825,1
43.8588283,125.2830613,27
43.8654275,87.5676293,10
43.8812145,125.3012653,21
43.8844844,125.3181675,19
43.8975558,-78.8635324,4
43.9087042,125.2932032,8
43.9186132,2.1371751,2
43.9483414,-78.8982025,0
43.9900315,1.8343361,0
44.0225389,-92.4666075,5
44.0234387,-92.4630182,5
44.0244045,20.9204813,2
44.0375438,43.0363667,6
44.0581728,-121.3153096,3
44.065416,22.0995105,1
44.0945833,19.712,0
44.1151023,12.050707,0
44.1448918,-93.9927363,3
44.1804751,28.6292028,18
44.2263489,-76.4957555,7
44.2743415,6.0164417,0
44.2831194,-73.9828318,0
44.2899234,-70.0405003,0
44.3048009,-78.3199496,1
44.307136,-88.3093617,0
44.3079869,86.0549057,8
44.3186778,23.7975878,9
44.3284312,11.6650993,1
44.344449,-96.7982371,0
44.3527419,26.0333243,4
44.364413,-97.133121,0
44.3971414,8.9700343,70
44.4148861,8.9266707,70
44.4150338,8.9060357,40
44.4182751,26.0865177,125
44.4213666,11.1716772,0
44.4361414,26.102684,144
44.4385339,-73.0727666,0
44.4393317,26.0505729,116
44.4428973,26.0491186,116
44.4737365,-73.1941468,1
44.475695,26.1018872,93
44.4775537,26.0713416,88
44.4902351,11.3638571,80
44.4981505,-103.8728541,0
44.4982886,11.354457,80
44.5094691,11.3787464,80
44.5237875,11.3387907,78
44.5240743,11.33848,78
44.5904756,10.3966779,0
44.6086674,10.5940667,0
44.636201,-63.5919961,32
44.63633,10.9426787,6
44.6487824,-0.7906902,0
44.6595888,-75.0062397,41
44.6799707,-63.5720232,21
44.6952006,10.0979869,0
44.7626127,10.3145684,9
44.7667642,11.827939,0
44.7681954,20.48026,49
44.7835699,10.8854523,1
44.7916273,-0.6764676,14
44.8012262,-0.6127367,57
44.8057154,20.4762358,83
44.8064541,-0.6031027,62
44.807082,-0.5941168,63
44.8088438,-0.5879629,65
44.8103623,-0.5911872,65
44.8153318,20.4456588,89
44.8176736,20.4560842,87
44.8179654,20.4507765,87
44.8371658,11.6058501,21
44.841225,-0.5800364,53
44.8694576,-0.6843729,0
44.8702281,13.8455311,2
44.893617,-87.2876665,0
44.9576807,-93.2658092,3
44.971123,-93.2248318,5
44.9716358,34.1039056,17
44.9772995,-93.2654692,3
44.9863418,-93.1794451,5
44.9927668,7.670679,8
45.0368546,9.1378251,0
45.0433245,41.9690934,20
45.0468832,9.7030881,6
45.051165,7.6811479,53
45.0569854,7.6806792,50
45.0636974,7.6575263,52
45.063901,7.6583328,52
45.0677551,7.6824892,51
45.0712389,7.6566834,52
45.0838291,-93.2590388,0
45.0971852,7.7014224,35
45.1205194,-72.9885161,0
45.1584982,1.5332389,1
45.1809038,5.7754127,37
45.1836683,5.75448,48
45.1869265,9.1568768,18
45.1875602,5.7357819,50
45.1897769,5.7712026,39
45.1908798,5.7169733,50
45.1923077,5.7232072,50
45.1943379,5.7158474,50
45.1945388,5.7051909,28
45.1954561,5.7709356,40
45.1996822,5.7031246,27
45.2013772,5.705718,28
45.2016957,7.7770311,0
45.2027638,5.7029696,26
45.204033,5.695119,20
45.2072535,5.6928217,17
45.2097372,5.778361,34
45.2551338,19.8451756,9
45.2619521,5.8784579,0
45.264039,5.8764926,0
45.2698901,5.8815065,0
45.3128048,-75.8940505,0
45.3210273,5.5911505,0
45.33829,14.4243918,13
45.3430064,11.9680273,3
45.348502,-75.9221276,0
45.3736257,9.164965,1
45.3787429,-71.9426696,14
45.3809339,-122.7694369,0
45.3858581,-75.6950041,7
45.3984428,11.8956829,60
45.3988874,11.8984524,60
45.403271,-71.889038,14
45.4066496,11.8774407,60
45.4077172,11.8734455,60
45.4081143,11.8969882,60
45.4086001,123.1327161,0
45.4090553,11.0010115,14
45.4092237,11.8859491,60
45.4120019,11.8903026,60
45.41807,9.27165,4
45.4206749,-122.670649,3
45.4208777,-75.6901106,8
45.4225271,-75.6833904,8
45.4261167,4.3925664,18
45.4277659,-75.710976,7
45.4280724,-75.7375599,4
45.4386555,28.055666,18
45.4394066,28.0560123,18
45.4401467,4.3873058,19
45.4457344,9.1847419,31
45.451424,4.385526,19
45.4517662,4.3889985,19
45.4601133,9.1953195,39
45.4641943,9.1896346,41
45.4757322,9.2282917,41
45.4762251,9.2546382,24
45.4767975,9.2305504,41
45.4771503,4.511306,0
45.4888007,-0.5994643,0
45.489175,16.3746041,1
45.4943063,12.2418053,4
45.4945155,-73.5628555,45
45.495244,-73.5785815,45
45.4958045,-122.6415699,13
45.4978623,-122.4329883,0
45.4981929,-122.6864957,11
45.5006293,9.15495,17
45.5031824,-73.5698065,49
45.5045875,-73.612996,48
45.5068861,-73.5787118,49
45.5088774,-73.6875187,2
45.5098717,9.186033,18
45.5118121,-122.686121,11
45.5132138,12.2227042,4
45.5133197,9.2175685,24
45.5137304,9.2105855,22
45.5202471,-122.674194,11
45.5228939,-122.989827,0
45.5256161,-73.3391798,1
45.5278587,9.1113604,4
45.5300806,9.1026718,2
45.530099,10.2438816,12
45.5365886,10.2252095,12
45.5371794,-122.8868918,2
45.5399997,-122.9366318,1
45.549977,-94.1514779,0
45.5571125,-73.7211779,3
45.5600386,18.6859147,10
45.5748455,-73.5596525,1
45.5792545,9.2591355,4
45.5946464,8.9181625,2
45.6139627,9.37006,0
45.6212574,-73.3795047,3
45.6440337,13.760182,14
45.6443816,0.1393008,4
45.6496485,13.7772781,14
45.6525105,25.6105654,13
45.6576075,5.8576563,6
45.6639222,-111.079277,3
45.6783483,13.7584238,12
45.6994309,126.6140271,16
45.6995783,13.7564504,3
45.7037976,4.7993414,15
45.7052646,4.8093486,18
45.7061795,126.6569134,22
45.7066703,126.612399,17
45.7066762,126.6021667,17
45.7186275,126.6287385,22
45.7277266,126.7179701,10
45.7310043,-122.6339178,1
45.7334297,4.8373672,51
45.741589,126.6255626,26
45.745328,21.2250983,36
45.7461738,21.227536,36
45.7473293,21.231261,36
45.7562844,4.8030712,46
45.7563803,126.6377342,24
45.7566557,9.7542192,0
45.7577762,4.9033521,35
45.7578137,4.8320114,64
45.7593633,126.6276177,22
45.7656656,4.9177759,31
45.7660581,4.8796267,43
45.7697693,4.8894528,37
45.7719719,3.0917595,26
45.7748897,126.6764826,12
45.7773453,9.1811482,0
45.7774551,3.0819427,26
45.7804582,4.874957,38
45.7816645,4.8681545,45
45.7818688,4.7726209,18
45.7829387,4.8683302,39
45.7833188,-108.596654,3
45.7833631,4.76877,18
45.8030814,15.9452341,69
45.815457,8.6101375,1
45.8165505,1.2315096,26
45.8168948,15.897824,9
45.8296219,15.9879508,76
45.8354243,1.2644847,26
45.9303401,13.6398587,3
45.9455202,-66.6401861,11
46.0421489,14.488209,50
46.0634632,13.2358377,23
46.0644488,12.5905671,0
46.0652663,11.1505456,13
46.0682032,11.1498678,13
46.0691163,23.5723149,2
46.0744053,14.5141463,49
46.0763887,18.2080009,20
46.1753793,21.3196342,7
46.192907,11.133577,0
46.200007,21.287274,7
46.2274496,7.3641918,2
46.2329706,6.0555313,2
46.2334452,6.0555477,2
46.2623653,20.1331437,26
46.3240228,124.5598093,0
46.3432325,-72.5428485,2
46.3542985,-119.2782835,14
46.4828923,30.7240455,62
46.498298,11.3501018,5
46.5218269,6.6327025,13
46.5434914,-87.396433,0
46.5592325,15.6432937,16
46.5684757,0.3838585,17
46.568541,0.3793599,17
46.5953088,13.8562388,5
46.5957187,13.8579336,5
46.5969028,125.1014811,3
46.603354,1.8883335,0
46.6103983,13.8843325,5
46.6165487,13.8137031,0
46.6167284,13.8500268,5
46.6204609,13.9098958,5
46.623943,14.3075976,6
46.6566493,0.3632258,1
46.7237978,-117.0206648,2
46.7337716,-117.1498035,2
46.7539996,36.7837306,2
46.755678,36.7887623,2
46.7647683,23.5850573,60
46.7673336,23.5883951,60
46.7677836,23.5919766,60
46.7738992,-80.8136835,0
46.7790534,6.6600063,1
46.7801721,-2.0417755,0
46.7811622,-71.2768002,2
46.7838287,-92.1052679,3
46.7929922,7.1605275,14
46.8137431,-71.2084061,8
46.8894589,7.3110208,0
46.8907394,-96.8232656,4
46.897155,-96.8182654,4
46.9138872,-98.6970337,1
46.9433533,6.8254863,0
46.975377,15.3928739,0
46.9758615,31.9939666,14
46.9895828,6.9292641,7
46.9925304,6.9243415,7
47.0068896,28.8647126,39
47.0145605,-68.1431993,0
47.0245117,28.8322923,47
47.0549163,21.9285231,5
47.0579481,15.4628529,49
47.0639161,15.453249,49
47.0780506,15.4245722,45
47.0795199,15.4221906,45
47.0883929,17.9084885,2
47.0942317,37.5409854,27
47.0957648,37.5499621,29
47.118711,4.9691044,0
47.1377256,8.5816276,0
47.1538884,27.5959251,30
47.1615598,27.5837814,30
47.2104336,-1.5537888,14
47.2126274,9.5233202,1
47.2186371,-1.5541362,14
47.223301,-1.5532565,13
47.2266532,8.8164042,2
47.2308381,39.6587984,16
47.2367966,-1.5522151,13
47.2380222,6.0243622,9
47.238265,-1.5543711,18
47.2450762,-122.4397174,4
47.2509776,5.9943222,10
47.2632782,38.9198805,1
47.263287,11.3844497,28
47.2733517,-2.2138905,8
47.3091826,8.5447434,2
47.3133052,5.0688626,20
47.3215806,5.0414701,21
47.3334755,29.860993,0
47.3387479,0.7147046,6
47.3508981,6.3628604,0
47.3638141,0.6884049,23
47.3744489,8.5410422,24
47.3785015,8.5524577,24
47.3805128,15.0947756,14
47.3824073,15.0905261,14
47.3825805,15.0908758,14
47.3853829,15.0935383,14
47.3854902,8.5555835,24
47.3873136,8.1821873,0
47.3900474,0.6889268,27
47.3925999,8.4772033,3
47.3965412,8.6196294,0
47.3966765,8.5486347,23
47.41066,40.101986,0
47.412396,8.1948321,0
47.413218,8.5374914,21
47.4185923,11.8373454,0
47.4306872,9.3873288,5
47.4354822,8.2149186,0
47.4379889,8.2026368,0
47.4405481,15.2901669,2
47.448127,18.9774696,3
47.4656885,19.1540714,6
47.4701477,19.0616441,51
47.4739884,-0.5515588,9
47.4784386,19.0577145,51
47.4793472,8.2179918,2
47.4813896,19.1457723,12
47.4934799,19.0618993,54
47.4978789,19.0402383,53
47.5003138,8.7239736,4
47.5018791,18.9643642,4
47.5262684,8.2147282,5
47.5271842,19.0851644,44
47.5326535,25.8345939,0
47.5522097,7.6031255,18
47.5581077,7.5878261,18
47.567014,7.5756696,18
47.5824229,-122.1623534,2
47.5882192,6.8658612,0
47.5928508,8.6906092,0
47.5962259,9.8695015,0
47.6038321,-122.330062,5
47.6100431,-122.3292915,7
47.61689,-122.3340287,10
47.6246349,9.1944314,4
47.6264352,-122.3297585,13
47.6270594,19.0439399,0
47.6277525,-122.330673,13
47.6379599,6.8628942,10
47.6467182,6.8625675,10
47.6494115,-122.3076383,13
47.6519305,-122.305332,12
47.6554303,-122.3001692,12
47.6606992,-117.4061772,6
47.6693645,9.4971957,4
47.6694141,-122.1238767,1
47.6716244,9.1519064,6
47.6899569,9.1882624,6
47.6941936,17.6273964,3
47.7152527,10.3131333,0
47.7296693,7.3094101,7
47.7420037,-3.3844049,3
47.7716508,-3.4007749,3
47.7811014,9.612468,21
47.8339231,16.2493288,2
47.8368071,16.2551296,2
47.8452609,16.5332302,2
47.8507859,35.1182867,2
47.8557873,12.1272983,2
47.9027336,1.9086066,5
47.9102734,33.3917703,12
47.9156769,11.6824618,0
47.9258519,106.9215495,54
47.9960901,7.8494005,31
48.0000047,127.999992,0
48.0022957,7.8491401,31
48.0041897,7.828652,31
48.0070218,7.837321,31
48.0095697,7.8356152,31
48.019567,7.8115273,30
48.0405165,7.8283367,19
48.0415319,5.3538716,3
48.0434435,11.5077598,0
48.0457455,-1.7460712,1
48.0611318,8.5356337,1
48.0641001,8.4904513,1
48.0682064,16.3442585,0
48.0706687,-0.7734022,10
48.0766313,11.6359736,12
48.0777427,11.6176204,13
48.0792503,11.6176436,13
48.1102896,11.4337876,9
48.1107057,11.4693622,10
48.116592,-1.6409836,25
48.1207424,-1.6948572,27
48.1220353,-1.6355526,24
48.122267,-1.6384567,25
48.1300409,11.582909,64
48.1314018,11.6459553,16
48.1320644,11.5122018,41
48.1371079,11.5753822,64
48.1373576,11.3614338,1
48.1490716,11.5674463,64
48.1504758,11.5798356,64
48.1516988,17.1093063,42
48.151946,17.0691166,37
48.1521649,11.581535,63
48.1534392,17.1151016,41
48.1540527,11.582353,62
48.1543011,14.0363064,2
48.1608539,14.0262243,2
48.1629679,11.69724,1
48.1684774,14.5496245,0
48.1699512,17.0689236,32
48.1708194,17.0689352,31
48.1722473,17.066286,28
48.186797,16.3559403,90
48.189573,11.5745503,44
48.1927206,16.3940964,86
48.1942336,11.370911,1
48.1985397,16.3698617,92
48.2083537,16.3725042,94
48.2201526,16.355511,89
48.2242434,11.6715263,10
48.225478,8.3852168,0
48.2409985,14.2835754,0
48.2426599,-114.3147292,0
48.2513878,11.6509662,11
48.2566975,20.6369582,0
48.2596273,11.6713289,10
48.2631449,11.6720584,10
48.2654976,11.6692249,10
48.2682678,4.079772,6
48.2684918,16.4093838,8
48.269078,4.0664959,6
48.2732125,14.2678935,10
48.2844289,1.8737303,0
48.294623,14.2930189,14
48.2967914,25.9244764,21
48.2971626,4.0746257,6
48.3059078,14.286198,15
48.3554077,10.9043357,9
48.3633576,2.8135192,0
48.3690341,10.8979522,9
48.3905283,-4.4860088,4
48.396902,11.7732161,9
48.3984968,9.9912458,12
48.4098821,10.8724525,2
48.4194121,9.9448293,8
48.4203116,-89.2623395,3
48.4283182,-123.364953,0
48.4300413,13.4436374,0
48.4547525,12.3388626,0
48.4680221,35.0417711,26
48.4695984,7.9429235,1
48.4812568,135.0762968,11
48.4818765,9.186824,2
48.4908815,10.868913,0
48.4919508,9.2114144,2
48.4950467,9.1904344,2
48.5203263,9.053596,10
48.5300371,9.0380582,10
48.5420141,6.140137,0
48.5675404,-93.4039608,0
48.584614,7.7507127,87
48.6259115,2.5500023,1
48.6316608,2.5514783,1
48.6318013,2.4321278,6
48.6599676,6.1724618,52
48.6767637,10.152923,1
48.6829261,2.1833646,26
48.6879012,6.1736331,53
48.6937223,6.1834097,52
48.6937815,6.1648337,53
48.6981914,2.1715814,26
48.699184,2.187457,26
48.7018823,2.134529,21
48.7076047,2.1513786,25
48.7099065,2.1279467,19
48.7101496,2.1532099,26
48.7103442,2.1676474,26
48.7119805,2.2009355,26
48.7121501,2.1735087,27
48.7123119,2.1963845,26
48.7137323,2.2025369,26
48.7139028,2.2141075,27
48.7144587,2.2453842,11
48.7147932,2.228658,24
48.7151652,2.2027679,26
48.7160783,7.1884164,0
48.7214582,9.41643,0
48.7247444,9.1216891,7
48.7322183,-3.4587994,3
48.7331148,21.2439925,35
48.7342216,6.1651167,30
48.7380125,9.3114613,3
48.7404221,9.0938723,6
48.741892,2.0932773,1
48.7453665,9.0900376,6
48.7481718,24.5207477,0
48.7626408,2.0838314,9
48.7630165,11.4250395,3
48.7669069,11.4335125,3
48.7766852,12.8733655,1
48.7771486,2.4530731,8
48.7783451,9.1863189,16
48.7784485,9.1800132,16
48.7798536,2.0297584,12
48.7849652,2.0979613,15
48.784997,2.2210069,10
48.7862021,44.7519454,9
48.7869954,8.9176165,0
48.7921098,2.3633048,26
48.7945413,2.3340758,33
48.8035403,2.1266886,10
48.8080817,2.0510503,10
48.8141172,2.3953104,69
48.8167034,9.173725,14
48.8252863,2.1991005,13
48.8279362,2.1894241,13
48.8283881,2.3622654,111
48.829226,2.3265688,119
48.8297201,2.3398294,117
48.832674,2.3281213,120
48.8369881,2.3401891,121
48.8376924,10.0734932,3
48.8379885,2.3611216,112
48.8435834,2.4010241,94
48.8438173,2.3456726,119
48.8442387,2.5805594,6
48.8452974,2.3280403,125
48.846255,2.3547629,118
48.8472458,2.3490964,120
48.8475401,2.2640299,36
48.8479656,2.3552525,118
48.8487592,2.3453784,121
48.8534951,2.3483915,120
48.8588897,2.320041,124
48.8601762,2.315145,118
48.8616969,2.1130641,3
48.866783,2.3554167,120
48.8771631,2.3374612,109
48.8853831,2.5046616,4
48.8854042,2.1680367,5
48.8863328,11.1989396,3
48.8956767,2.2296581,10
48.8973053,17.99424,2
48.9026,2.30551,19
48.906387,2.4452231,4
48.906508,2.3568867,27
48.9203354,2.3225697,37
48.9254221,2.2940122,27
48.9362718,18.1378688,3
48.9468454,9.4303638,0
48.9907631,12.1023059,13
49.0030835,12.0962683,13
49.0068705,8.4034195,24
49.013535,12.055427,12
49.0164075,8.3908688,24
49.0195333,12.0974869,13
49.0302944,12.1310605,11
49.0324683,12.108525,12
49.0374725,2.0796907,9
49.0395063,2.0724911,9
49.0426515,2.0839126,9
49.0527528,2.0388736,9
49.0677708,0.3138532,0
49.069797,-0.18098,0
49.0905162,24.3489715,0
49.0908416,8.3859609,6
49.0928529,33.4308188,1
49.1021437,6.2151929,14
49.1088715,6.1660105,15
49.142291,9.218655,9
49.1492098,9.2106966,9
49.1607212,-122.8813064,3
49.1767322,74.1811272,0
49.1771671,16.5680174,18
49.1849719,-0.3699076,25
49.1875133,-122.8495069,2
49.1922443,16.6113382,23
49.1931312,16.630917,21
49.2042628,-0.363142,25
49.2052271,16.6021742,26
49.2058428,18.7553439,1
49.2148546,-0.3688462,25
49.2165488,29.0382663,0
49.221815,16.583567,25
49.2227442,-0.3710407,25
49.2333934,16.5747095,20
49.2341307,16.6226848,19
49.2401086,4.0658406,13
49.2433804,-122.972545,3
49.2472455,-123.2295664,16
49.2488191,7.0225572,11
49.2551191,-122.997493,2
49.2567515,7.0408567,10
49.2578915,-123.2429755,16
49.2579327,7.0457789,10
49.2608724,-123.113952,12
49.2834212,-123.1153108,12
49.2863021,8.2164153,0
49.3494748,1.1749715,0
49.3633635,9.1529052,1
49.3849168,1.0720751,2
49.4014677,2.7952289,5
49.404961,3.3201048,2
49.4052604,11.1471668,2
49.4093582,8.694724,14
49.4183229,2.0960831,1
49.4201502,8.6838559,15
49.4246142,7.7542142,5
49.439668,1.1069013,14
49.4404591,1.0939658,14
49.4432174,7.7689951,5
49.4462339,1.1027778,14
49.453872,11.077298,17
49.4543662,11.8474021,5
49.4566951,11.0423589,17
49.4624114,18.163384,0
49.4926628,10.941149,1
49.4958953,0.1276251,12
49.4986096,8.5066058,22
49.5065024,5.9437111,5
49.5316435,11.4916021,0
49.5353466,8.3541391,0
49.5709191,11.0300856,26
49.5712511,11.00418,26
49.5713351,11.0304663,26
49.5725659,11.0264441,26
49.5891571,10.9812072,25
49.6129584,6.121266,5
49.6243131,31.6666824,0
49.6751558,8.5905662,2
49.7244147,13.3522049,21
49.7830798,9.9619964,32
49.8079297,9.9569096,32
49.8325767,18.1698562,2
49.8326087,18.1697773,2
49.8573091,8.6568195,6
49.8611518,8.681944,7
49.8663492,8.7874164,0
49.872775,8.651177,7
49.8741517,8.6461188,7
49.8741955,2.268363,39
49.8941708,2.2956951,39
49.8955367,-97.1384584,6
49.8976617,8.6790011,8
49.9002481,2.2919683,39
49.9042395,-97.1617229,6
49.9168079,-119.4199186,3
49.9270796,11.5872266,9
49.9421753,-119.3990282,3
49.9623079,14.4544674,4
49.9706701,9.1384857,1
49.9885787,36.2613299,57
49.9916024,8.2319046,8
49.9923181,36.2310146,60
49.9948503,8.411719,1
49.9995205,8.2736253,8
50.0020902,36.2461455,57
50.0043326,36.2278056,60
50.0203492,19.9306784,59
50.0221983,19.9018837,59
50.0469432,19.9971534,50
50.0490768,21.9812403,14
50.0619474,19.9368564,113
50.0647414,19.9187454,103
50.0657583,19.9192221,101
50.0682273,9.007909,0
50.074642,14.4167017,63
50.0817616,20.093645,0
50.0820384,8.2416556,9
50.085868,9.0813749,0
50.0862472,14.2949765,4
50.0874654,14.4212535,71
50.1025363,14.3928267,75
50.104257,8.5754373,0
50.1110456,14.4469417,67
50.112772,8.6876681,22
50.1174667,8.6498444,19
50.1192648,19.8552859,6
50.1228098,14.4699659,20
50.1272726,8.9249727,0
50.1305335,8.6923331,21
50.1724761,14.3620149,7
50.2006557,30.3233889,0
50.2092113,15.8327512,9
50.2650615,10.9519648,4
50.2901018,18.6768134,6
50.3011315,18.6623472,6
50.3225117,3.5136289,7
50.3343586,10.2232004,0
50.3675677,3.0804641,0
50.3800355,23.997761,0
50.3811331,30.4961491,43
50.4067378,80.2502824,9
50.4116233,4.444528,15
50.438904,7.6703879,1
50.4447172,4.43508,10
50.4485578,30.5271623,60
50.4500336,30.5241361,63
50.4571176,30.5011198,78
50.4589026,30.4378863,55
50.462656,30.3622318,20
50.4693743,7.3499986,0
50.5432418,2.9830581,0
50.5463385,-3.4957798,0
50.5495685,2.6561794,0
50.5514658,9.6762161,1
50.5691595,8.6743143,38
50.5862066,8.6742306,36
50.6050431,3.1384297,20
50.6128455,26.25696,13
50.6129218,3.0364944,14
50.6139103,2.4653174,0
50.6193174,3.1314002,24
50.6285707,3.125956,26
50.6338324,3.0458973,15
50.6365654,3.0635282,16
50.6450944,5.5736112,9
50.6464248,3.062278,16
50.6566336,3.0119659,7
50.6573944,4.62376,6
50.6654216,4.5674107,5
50.6668184,17.9236408,12
50.669841,4.601382,6
50.6824953,10.936496,3
50.7179472,-1.981521,0
50.7229785,7.0897524,40
50.7338124,7.1022465,38
50.7374315,-3.5334899,6
50.7590393,6.0832079,9
50.7752776,7.1895507,7
50.776351,6.083862,9
50.7791732,6.0689207,9
50.782331,6.0487932,9
50.8098224,8.8107867,59
50.8134719,4.3812357,19
50.8142025,12.9293622,7
50.8152784,5.1858896,0
50.8158146,12.9244166,7
50.8168041,12.9258487,7
50.8228524,19.1158073,5
50.822955,4.3925183,21
50.8292192,6.0819244,3
50.8323531,12.918914,7
50.8343512,-0.27315,0
50.8433705,3.6041443,0
50.845068,4.7364589,207
50.8452048,0.4346774,0
50.8460984,4.3833966,20
50.8467372,4.352493,17
50.8472117,5.6859518,15
50.8513294,4.7303332,218
50.8551025,4.3510915,15
50.8608666,4.3551763,11
50.8612551,4.6812152,226
50.8653863,4.6795576,227
50.8655606,4.6707683,227
50.8655629,4.6705561,227
50.869439,-0.0888082,16
50.8758182,8.0221398,23
50.8765528,12.0832674,2
50.879074,20.6411218,33
50.879202,4.7011675,228
50.8977565,11.8496478,0
50.9020462,8.0303483,23
50.9028883,6.3883818,4
50.9030588,13.3574643,7
50.9183206,11.5687484,14
50.919483,11.5715251,14
50.9220931,6.3611015,4
50.9280445,6.9281305,19
50.9281717,11.5879359,14
50.93232,6.9181725,20
50.9341805,-1.3974844,6
50.938361,6.959974,20
50.9617903,5.4067526,7
50.967153,5.4948504,0
50.9908394,-3.4865109,0
50.9947093,5.5394798,0
51.0040748,3.7093758,15
51.0078485,3.7108831,20
51.0261207,13.7167828,22
51.0266858,13.7006047,19
51.0281381,4.4803453,3
51.029867,13.7303171,33
51.034897,3.7201465,25
51.0421767,13.9076819,6
51.0456064,-114.057541,2
51.0492292,13.7894275,30
51.0493286,13.7381437,35
51.0537072,4.4532657,3
51.0538286,3.7250121,23
51.065993,13.8966565,3
51.0714524,-113.9576451,0
51.075054,-114.138805,3
51.0918894,71.3975803,6
51.102628,1.0395843,0
51.1077384,17.0625425,174
51.1163558,17.0279985,172
51.125797,13.717192,3
51.1278362,71.4413281,11
51.1423588,6.2776865,0
51.1634712,4.8856399,0
51.1638175,10.4478313,0
51.1840421,5.1155267,2
51.1959679,6.7898208,3
51.2139999,4.4230093,29
51.2141598,4.4225738,29
51.2181945,22.5546776,27
51.2211097,4.3997081,29
51.2391721,7.1615737,6
51.2430782,-0.5900545,4
51.2491732,6.7695522,7
51.264018,7.1780374,6
51.2641433,6.5446958,0
51.2675862,5.0843883,0
51.272593,31.7417235,0
51.2758755,1.0922292,11
51.2921216,9.4769173,13
51.3135229,9.4247968,9
51.3153354,9.5390976,11
51.3157833,9.4978479,12
51.3269462,12.3917247,65
51.3290691,14.7571799,0
51.3331205,6.5623343,2
51.3406321,12.3747329,65
51.3435444,-0.1906959,1
51.3529939,5.3859816,0
51.3574426,-0.1736053,1
51.3609812,6.4336606,0
51.3623782,4.2771851,0
51.36354,1.42946,0
51.3766938,-2.3234206,3
51.3772497,7.4950882,3
51.3881132,-2.8221572,0
51.3955102,21.1534061,40
51.4024738,-0.342668,4
51.4236802,-0.3444383,4
51.4276779,6.7843162,8
51.4348831,6.9902203,7
51.4392648,5.478633,7
51.4430162,-2.581661,19
51.4441576,7.2610046,22
51.4475741,7.2677644,22
51.4485569,5.4501225,7
51.4487162,5.4947604,7
51.4582235,7.0158171,14
51.4692935,5.4209577,4
51.4714488,11.9812422,71
51.4824354,11.9712985,71
51.4825423,-0.0066531,8
51.4837886,-0.6040419,0
51.4905582,-2.6304825,15
51.4914844,7.4122739,14
51.4944513,11.9394032,72
51.4946636,31.2950458,9
51.49583,-3.21211,2
51.4989595,-0.1756407,83
51.5000799,5.4593143,0
51.5007679,-2.5503106,3
51.5030855,-0.0900021,101
51.5032099,-0.0867273,100
51.5060901,7.4569543,15
51.5067253,-3.1894874,2
51.5069061,-3.1894606,2
51.5074456,-0.1277653,114
51.5082375,11.9058031,44
51.5085908,-3.1905039,2
51.5136482,-2.5728144,3
51.5146063,-0.1164509,109
51.5173823,-0.0883496,105
51.5231435,-3.098377,0
51.5240344,-0.1112372,108
51.524203,-0.1330007,114
51.5253981,-0.1322408,112
51.530018,46.034683,12
51.5326092,-0.4740499,12
51.5328328,9.9351811,26
51.5441111,0.0042002,10
51.5567163,30.6121981,0
51.5592251,9.9524442,26
51.5656361,8.0859668,1
51.5672596,-0.0726357,16
51.5702375,0.4583573,0
51.5709268,-2.9714605,0
51.5718862,-2.9752462,0
51.5723682,-1.3114537,2
51.5740002,7.0259104,5
51.5771558,-1.3088028,2
51.5912466,-2.7517629,0
51.5952912,-2.1051101,0
51.5999743,-1.2909164,2
51.6063587,-1.245999,0
51.6189634,-3.8841088,0
51.6605982,39.2005858,34
51.6736614,8.3644841,1
51.6747074,8.347194,1
51.6774432,39.2546701,26
51.6800081,39.183725,27
51.707521,8.7724141,8
51.7253685,8.7200041,8
51.7257696,5.8700069,0
51.7470126,19.45101,59
51.7488355,-1.1280591,1
51.7507856,-1.2152174,66
51.7517443,-0.2390498,1
51.7526067,19.4520857,63
51.7687323,19.4569911,63
51.7704679,0.4646698,3
51.8161412,-0.8130383,1
51.8256464,-0.6317343,0
51.8259513,10.7614382,0
51.833333,-1.25,0
51.8474946,5.8637771,8
51.8919661,12.5950495,0
51.8979652,-8.4837071,13
51.8985136,-8.4726423,13
51.9399692,15.525923,8
51.9434473,9.0967908,0
51.9625101,7.6251879,37
51.9751584,5.6514869,2
51.9988072,4.3727449,17
51.9988274,4.3739604,17
52.0016196,4.3680178,17
52.0056642,5.8762345,1
52.0114017,4.35839,17
52.017417,8.904336,2
52.0406502,-0.7594092,3
52.045841,9.3758804,0
52.066549,9.1010206,0
52.0670061,4.3479646,14
52.0747377,21.0270885,0
52.0748729,-0.6288503,1
52.0799838,4.3113461,15
52.0907006,5.1215634,34
52.1256546,21.3389094,1
52.1344194,-106.6277843,20
52.1405894,11.6455823,6
52.1536132,21.0082273,14
52.1594747,4.4908843,13
52.1610478,21.0445347,16
52.1625283,10.5348215,2
52.1736913,0.1379141,88
52.1746979,0.1399631,88
52.1751958,21.0123746,50
52.1769889,21.0094786,52
52.1833669,4.4721294,14
52.1890916,0.1212977,94
52.1947964,-1.5911203,1
52.1975846,0.1391537,94
52.2033882,0.1350226,94
52.2055314,0.1186637,94
52.2059934,20.9771691,97
52.2071278,20.8710793,2
52.2093282,0.0848546,94
52.2105761,-1.6030306,1
52.2137091,0.0999918,94
52.2138636,21.0037346,109
52.2141538,0.094348,94
52.2209855,6.8940537,4
52.2221194,21.0086685,111
52.2242763,21.022653,111
52.2319581,21.0067249,116
52.2333742,21.0711489,62
52.2388041,20.9588813,101
52.2410856,4.4461969,1
52.2527147,20.9036323,18
52.2622566,10.5171168,11
52.2658726,6.7924049,1
52.2717429,8.0441952,12
52.2731451,10.5288094,25
52.2740711,-1.5674634,0
52.2891225,104.279829,19
52.2913319,21.2605662,1
52.2942937,20.8932986,15
52.2951052,20.9611243,21
52.3178385,14.4933941,0
52.3178637,14.4924834,0
52.3360824,-0.0628733,0
52.3367355,4.8591489,21
52.3501135,4.8257529,10
52.3544941,4.9557553,22
52.3564959,4.9521303,23
52.3730796,4.8924534,26
52.3744779,9.7385532,38
52.3765329,9.721218,29
52.3765974,9.8013658,15
52.3813073,-1.5639569,2
52.3828027,-1.4901157,5
52.3942703,16.9181304,70
52.4130189,-1.7768935,0
52.4205588,10.7861682,3
52.4276606,9.6005102,2
52.4286235,13.5338604,13
52.4318326,13.5270554,13
52.449101,13.3002276,69
52.4504333,-1.9320033,27
52.4517147,-1.9423655,27
52.4547063,13.5263146,15
52.4561716,-1.9376174,29
52.4576305,13.5252912,15
52.4760892,-71.8258668,0
52.4948994,-1.8518439,17
52.502666,-3.328128,0
52.5110159,13.3269541,53
52.5133881,13.2678032,18
52.5169123,13.3873555,61
52.5173885,13.3951309,61
52.5183402,13.3929202,61
52.5290396,-2.0693747,4
52.5299885,13.3486639,62
52.5310214,-1.2649062,0
52.5311921,13.38252,61
52.5394905,85.2148673,2
52.5415792,13.3495465,60
52.5419669,13.3834015,57
52.5559809,13.5349268,1
52.6205879,-1.109923,10
52.6297131,-1.139284,10
52.63108,13.5077151,3
52.6334423,13.4812367,3
52.661252,-8.6301239,8
52.6732581,-8.5698097,5
52.6759917,-0.7362735,0
52.6843696,-1.8275286,0
52.763845,-1.2372582,3
52.78879,-1.11481,0
52.8063157,-2.1163818,1
52.8369636,-2.1444135,0
52.8408344,-6.9261131,3
52.903155,-1.1904638,4
52.9142235,-1.4719885,11
52.9355288,-1.1823354,7
52.9379547,-1.4979991,11
52.9385099,-1.1715394,7
52.9387428,-1.2002957,7
52.9400423,-1.1962253,7
52.9432074,8.76222,0
52.952309,36.0696356,15
52.9534193,-1.1496461,8
53.0094747,-2.1742692,2
53.0169744,18.602725,94
53.0465084,-2.9937869,0
53.0534759,-3.0047901,0
53.1079646,8.8556646,4
53.1175618,23.1493258,25
53.117572,23.1496936,25
53.1352429,17.9917949,37
53.1389753,8.2146017,22
53.1467266,8.1816426,22
53.1496769,18.1135686,5
53.1524015,48.4663073,4
53.1635322,-2.2108035,0
53.1819165,45.0024519,8
53.2164973,50.1689217,37
53.2194416,6.5629863,23
53.2250035,-4.1327572,0
53.2386942,10.3884323,0
53.2412163,10.4197164,0
53.254644,-2.9500932,0
53.2596117,-2.9492609,0
53.2606635,-2.1255158,0
53.2744122,-9.0490601,7
53.2788979,34.3659113,15
53.2843873,-9.0649308,7
53.2856865,-9.0272701,7
53.290273,-6.4301033,1
53.2909893,-6.3630565,1
53.2923716,-9.0072503,7
53.2936337,-9.0750599,7
53.3203281,-6.222264,25
53.3401912,-2.6329929,2
53.3423267,-6.249694,31
53.3437061,-6.2544278,31
53.3493795,-6.2605593,30
53.3774667,-2.1221506,0
53.3806626,-1.4702278,6
53.3817264,-1.4627951,6
53.3821766,-6.5987338,3
53.3865964,-6.2589686,20
53.4072429,-2.9658337,8
53.4245871,14.5355231,46
53.4289809,58.9736456,4
53.4296418,-2.2302095,8
53.4301818,14.5509623,46
53.4625739,9.9688891,4
53.4629229,-2.2261028,16
53.4660226,-2.2330858,16
53.4717868,-2.860807,0
53.4718563,-2.2399882,15
53.5098845,49.4189187,3
53.52682,-113.5244937,6
53.5278793,8.106301,3
53.5501721,10.0013165,32
53.6429919,-1.7780783,1
53.6782255,-1.529702,0
53.700882,-1.7733009,1
53.7664218,87.1325791,7
53.7732507,-0.3670415,1
53.7916522,-1.7661184,2
53.806046,-1.4515163,0
53.8065718,-1.5557853,16
53.8072157,-1.5216509,14
53.8217327,-61.2295532,0
53.8261442,-1.5933537,17
53.8380675,27.4761517,9
53.8414717,8.7540822,0
53.8441223,11.3659488,0
53.8979931,27.557377,101
53.9024716,27.5618225,102
53.9154649,27.5508093,94
53.9175688,27.5945315,104
53.919448,9.5172441,0
53.9245227,9.5282721,0
53.9453912,-1.0314589,25
54.0098429,-2.7875768,3
54.0733207,13.4262041,6
54.0886707,12.1400211,34
54.095791,13.3815238,6
54.1718573,12.0784417,9
54.184244,45.1883954,6
54.2045912,16.1971111,3
54.3150278,48.403373,11
54.3227085,10.135555,7
54.3275125,48.3941789,10
54.3336785,10.192147,6
54.3458218,10.113073,7
54.3461084,48.3625872,8
54.3482907,18.6540233,11
54.3718684,18.6166793,16
54.4854137,9.0537941,0
54.5260785,18.5123904,3
54.5313716,9.5851694,0
54.5695266,-1.2355444,1
54.5842117,-5.9364324,10
54.596391,-5.9301829,10
54.6082918,-1.17901,0
54.6828203,25.2878334,21
54.6870458,25.2829111,25
54.6870731,-5.8832177,1
54.7201092,55.9327472,19
54.7261409,55.947499,19
54.7580767,9.4101588,4
54.7672268,-1.5721956,21
54.7789701,32.0471812,16
54.8405595,83.102637,3
54.8461252,83.0942166,3
54.8469519,83.1134427,3
54.8511882,83.0917849,3
54.8634791,83.1129075,3
54.8982139,23.9044817,38
54.8988053,23.9126526,36
54.9127313,9.7798696,0
54.9140178,9.5866302,0
54.9678145,82.9515989,7
54.9738474,-1.6131572,6
54.9801751,-1.6146802,6
54.991375,73.371529,24
55.001251,-125.002441,0
55.001251,-97.001038,0
55.002468,-1.5937829,6
55.0257294,73.291211,7
55.0288307,82.9226887,38
55.0900411,83.0032059,1
55.1033769,-1.6130207,0
55.1269929,61.3871994,24
55.1832364,-1.57027,0
55.18691,-1.58378,0
55.3678533,10.4280534,4
55.513917,9.505573,4
55.565268,9.7562169,0
55.625578,37.6063916,15
55.6433478,12.0819247,6
55.6522136,12.292049,0
55.660564,12.509949,20
55.6748255,37.5677133,88
55.6792839,37.5773654,90
55.6801502,12.572327,30
55.6867243,12.5700724,30
55.6960562,37.5729403,103
55.696762,37.5554522,98
55.7022972,37.5317977,84
55.7029296,13.1929449,18
55.7062994,12.539518,25
55.7108089,37.5789699,115
55.7144292,37.5878957,127
55.7171687,13.3474337,0
55.7267437,13.2352365,18
55.7505412,37.6174782,144
55.7516631,37.6095344,139
55.7538691,48.7421677,4
55.7564044,37.6143219,145
55.761653,37.6347599,141
55.7701158,37.6237283,132
55.7832055,12.5162065,9
55.7851993,37.7435741,63
55.7854145,12.5202151,9
55.785746,37.7442018,63
55.7903716,49.1207062,61
55.7932031,49.1129981,61
55.7946485,49.1115022,60
55.7953491,49.1339944,65
55.7986534,37.4660229,25
55.8024004,12.5246532,8
55.8095963,37.5053885,44
55.8374992,37.5330411,31
55.842107,37.5076046,20
55.859954,37.4147989,4
55.861155,-4.2501687,6
55.8618812,-4.2419566,6
55.8674664,-4.2502454,7
55.8727036,-4.2919966,7
55.8858149,37.4562282,4
55.8922479,37.5209724,2
55.9102959,-3.3234475,11
55.929035,37.5186681,1
55.9340154,-3.0946342,3
55.9435717,-3.1953678,22
55.9440765,-3.1883736,22
55.9477764,-3.9882568,0
55.9533456,-3.1883749,22
55.954618,38.0567691,0
55.9841911,37.2086644,6
56.0061165,38.3835224,4
56.0091173,92.872586,12
56.0872808,60.7342873,1
56.1348998,-3.3134751,0
56.1390178,9.1547931,0
56.1447456,47.2252145,14
56.1480856,10.2036993,25
56.1670905,10.2026177,25
56.187428,-3.1495947,0
56.1978714,10.1806452,23
56.1980422,-3.1690407,0
56.2863099,44.0836395,3
56.2922509,44.04949,19
56.3092137,101.7574852,0
56.3166797,43.9889973,20
56.3234132,44.0044127,19
56.3264816,44.0051395,19
56.3758414,9.656576,0
56.4646052,84.9482775,38
56.4784786,84.9499637,41
56.5048435,21.0070903,3
56.5182728,85.106936,0
56.6315556,47.8868803,5
56.7569292,37.2179525,3
56.8382071,60.6007886,42
56.8393985,60.594152,41
56.8430932,60.6439128,39
56.858675,35.9208284,23
56.8596219,60.6475015,38
56.8658744,53.2334653,9
56.9493977,24.1051846,47
56.9526418,24.0806797,54
57.0058967,40.9688157,23
57.0088004,40.9630633,21
57.0159209,9.9753108,1
57.0462626,9.9215263,1
57.052505,53.990612,5
57.0749482,-2.7650694,0
57.1187601,-2.1393085,3
57.153534,65.542274,27
57.1645542,-2.1018424,2
57.632969,39.8868639,21
57.6379361,18.297982,2
57.6564918,12.0153085,2
57.6731404,15.8421682,0
57.6858491,11.8853447,0
57.6897462,11.9765259,2
57.7056629,11.9362353,2
57.7072326,11.9670171,2
57.7780222,14.162141,1
58.0108531,56.2318528,20
58.0856276,7.931858,0
58.2839967,8.7128291,0
58.3977911,15.5754544,2
58.3981673,15.5747176,2
58.4068696,15.5787502,2
58.4152044,15.6609271,2
58.6035661,49.6666241,37
58.6124279,82.0475315,0
59.103735,9.7363538,0
59.1830854,17.6356251,2
59.2016758,17.6203201,2
59.2091003,9.607544,0
59.2128236,10.9305901,1
59.3251172,18.0710935,28
59.3498665,18.0706321,29
59.3515453,18.0310658,30
59.3881204,18.3443773,0
59.3949741,24.6676189,1
59.3983582,16.4495971,3
59.4002778,17.9503137,4
59.4324943,24.8106055,11
59.6110992,16.5463679,1
59.8543897,30.0763405,6
59.8586126,17.6387436,18
59.9133301,10.7389701,9
59.9138629,30.2955051,103
59.9332206,30.3348181,121
59.9351609,30.3452787,115
59.9355172,10.6712678,14
59.938732,30.316229,123
59.9406782,30.2964999,119
59.9414173,10.7227683,14
59.9428418,30.3056749,121
59.9567751,30.308711,110
59.9601308,30.3169083,106
59.9606739,30.1586551,3
59.97245,30.3234267,99
59.97443,11.048794,1
59.9992983,30.3609888,34
59.999414,30.3599305,35
59.9994185,30.3598885,35
60.0031226,30.3312483,39
60.0226231,30.2643079,9
60.0317147,30.2876586,9
60.1713244,24.9427089,19
60.1860789,24.8281018,6
60.1862949,24.8299948,6
60.2049651,24.6559808,0
60.2206075,24.8742987,9
60.2910166,24.9874081,1
60.3688758,5.3511115,9
60.3809342,5.3313021,9
60.4515932,22.2669991,6
60.4560732,22.2864097,6
61.0583417,28.1862293,1
61.4496967,23.8587485,1
61.4934627,23.77895,0
62.2317777,25.735787,4
62.3907552,17.3071024,1
62.6043509,29.7422326,5
63.1043242,21.5935646,3
63.1064129,21.5916924,3
63.4103583,10.4087419,13
63.4165587,10.4059311,14
63.4174804,10.4022265,14
63.4205292,10.3972662,14
63.4233305,10.4655259,13
63.4304475,10.3952118,14
63.4440637,10.4492291,12
63.4480239,10.4536394,12
63.8217763,20.3043163,3
64.1247375,-21.9275372,7
64.1367703,-21.9029308,7
64.145981,-21.9422367,7
64.8671599,-147.8507674,2
65.0507435,25.5872915,0
65.6182538,22.1383085,3
68.4383796,17.4271978,1
